<annotation>
	<folder></folder>
	<filename>-11-_1_jpg.rf.8861eedb8fc92c71a13cdd54bb687e83.jpg</filename>
	<path>-11-_1_jpg.rf.8861eedb8fc92c71a13cdd54bb687e83.jpg</path>
	<source>
		<database>roboflow.com</database>
	</source>
	<size>
		<width>416</width>
		<height>416</height>
		<depth>3</depth>
	</size>
	<segmented>0</segmented>
	<object>
		<name>Disc Protrusionrotation</name>
		<pose>Unspecified</pose>
		<truncated>0</truncated>
		<difficult>0</difficult>
		<occluded>0</occluded>
		<bndbox>
			<xmin>153</xmin>
			<xmax>185</xmax>
			<ymin>189</ymin>
			<ymax>209</ymax>
		</bndbox>
	</object>
	<object>
		<name>Disc Bulgerotation</name>
		<pose>Unspecified</pose>
		<truncated>0</truncated>
		<difficult>0</difficult>
		<occluded>0</occluded>
		<bndbox>
			<xmin>175</xmin>
			<xmax>217</xmax>
			<ymin>252</ymin>
			<ymax>270</ymax>
		</bndbox>
	</object>
	<object>
		<name>Disc Bulgerotation</name>
		<pose>Unspecified</pose>
		<truncated>0</truncated>
		<difficult>0</difficult>
		<occluded>0</occluded>
		<bndbox>
			<xmin>163</xmin>
			<xmax>201</xmax>
			<ymin>221</ymin>
			<ymax>242</ymax>
		</bndbox>
	</object>
</annotation>
