<annotation>
	<folder></folder>
	<filename>-12-_2_jpg.rf.cb92a8ae55d4f92e3558b57c9c214bdb.jpg</filename>
	<path>-12-_2_jpg.rf.cb92a8ae55d4f92e3558b57c9c214bdb.jpg</path>
	<source>
		<database>roboflow.com</database>
	</source>
	<size>
		<width>416</width>
		<height>416</height>
		<depth>3</depth>
	</size>
	<segmented>0</segmented>
	<object>
		<name>Disc Bulgerotation</name>
		<pose>Unspecified</pose>
		<truncated>0</truncated>
		<difficult>0</difficult>
		<occluded>0</occluded>
		<bndbox>
			<xmin>160</xmin>
			<xmax>201</xmax>
			<ymin>224</ymin>
			<ymax>245</ymax>
		</bndbox>
	</object>
	<object>
		<name>Disc Protrusionrotation</name>
		<pose>Unspecified</pose>
		<truncated>0</truncated>
		<difficult>0</difficult>
		<occluded>0</occluded>
		<bndbox>
			<xmin>151</xmin>
			<xmax>187</xmax>
			<ymin>191</ymin>
			<ymax>210</ymax>
		</bndbox>
	</object>
	<object>
		<name>Disc Bulgerotation</name>
		<pose>Unspecified</pose>
		<truncated>0</truncated>
		<difficult>0</difficult>
		<occluded>0</occluded>
		<bndbox>
			<xmin>177</xmin>
			<xmax>218</xmax>
			<ymin>254</ymin>
			<ymax>272</ymax>
		</bndbox>
	</object>
</annotation>
