<annotation>
	<folder></folder>
	<filename>-12-_1_jpg.rf.7f7198771e3b6bd8f006eafa7b354a0b.jpg</filename>
	<path>-12-_1_jpg.rf.7f7198771e3b6bd8f006eafa7b354a0b.jpg</path>
	<source>
		<database>roboflow.com</database>
	</source>
	<size>
		<width>416</width>
		<height>416</height>
		<depth>3</depth>
	</size>
	<segmented>0</segmented>
	<object>
		<name>Annular Disc Relaxationrotation</name>
		<pose>Unspecified</pose>
		<truncated>0</truncated>
		<difficult>0</difficult>
		<occluded>0</occluded>
		<bndbox>
			<xmin>165</xmin>
			<xmax>199</xmax>
			<ymin>169</ymin>
			<ymax>183</ymax>
		</bndbox>
	</object>
	<object>
		<name>Annular Disc Relaxationrotation</name>
		<pose>Unspecified</pose>
		<truncated>0</truncated>
		<difficult>0</difficult>
		<occluded>0</occluded>
		<bndbox>
			<xmin>175</xmin>
			<xmax>209</xmax>
			<ymin>193</ymin>
			<ymax>206</ymax>
		</bndbox>
	</object>
</annotation>
