<annotation>
	<folder></folder>
	<filename>-13-_jpg.rf.57856d73b30b62e38b73d74e80a2130f.jpg</filename>
	<path>-13-_jpg.rf.57856d73b30b62e38b73d74e80a2130f.jpg</path>
	<source>
		<database>roboflow.com</database>
	</source>
	<size>
		<width>416</width>
		<height>416</height>
		<depth>3</depth>
	</size>
	<segmented>0</segmented>
	<object>
		<name>Annular Disc Relaxationrotation</name>
		<pose>Unspecified</pose>
		<truncated>0</truncated>
		<difficult>0</difficult>
		<occluded>0</occluded>
		<bndbox>
			<xmin>165</xmin>
			<xmax>197</xmax>
			<ymin>170</ymin>
			<ymax>184</ymax>
		</bndbox>
	</object>
	<object>
		<name>Annular Disc Relaxationrotation</name>
		<pose>Unspecified</pose>
		<truncated>0</truncated>
		<difficult>0</difficult>
		<occluded>0</occluded>
		<bndbox>
			<xmin>174</xmin>
			<xmax>207</xmax>
			<ymin>193</ymin>
			<ymax>206</ymax>
		</bndbox>
	</object>
</annotation>
