<annotation>
	<folder></folder>
	<filename>-13-_1_jpg.rf.bf2343dbe127b84a43e9ecdb448be838.jpg</filename>
	<path>-13-_1_jpg.rf.bf2343dbe127b84a43e9ecdb448be838.jpg</path>
	<source>
		<database>roboflow.com</database>
	</source>
	<size>
		<width>416</width>
		<height>416</height>
		<depth>3</depth>
	</size>
	<segmented>0</segmented>
	<object>
		<name>Disc Protrusionrotation</name>
		<pose>Unspecified</pose>
		<truncated>0</truncated>
		<difficult>0</difficult>
		<occluded>0</occluded>
		<bndbox>
			<xmin>151</xmin>
			<xmax>187</xmax>
			<ymin>189</ymin>
			<ymax>208</ymax>
		</bndbox>
	</object>
	<object>
		<name>Disc Bulgerotation</name>
		<pose>Unspecified</pose>
		<truncated>0</truncated>
		<difficult>0</difficult>
		<occluded>0</occluded>
		<bndbox>
			<xmin>161</xmin>
			<xmax>202</xmax>
			<ymin>222</ymin>
			<ymax>243</ymax>
		</bndbox>
	</object>
	<object>
		<name>Disc Bulgerotation</name>
		<pose>Unspecified</pose>
		<truncated>0</truncated>
		<difficult>0</difficult>
		<occluded>0</occluded>
		<bndbox>
			<xmin>175</xmin>
			<xmax>217</xmax>
			<ymin>255</ymin>
			<ymax>273</ymax>
		</bndbox>
	</object>
</annotation>
