<annotation>
	<folder></folder>
	<filename>-20-_1_jpg.rf.972499ec7513885bfd0c0cff91cf733a.jpg</filename>
	<path>-20-_1_jpg.rf.972499ec7513885bfd0c0cff91cf733a.jpg</path>
	<source>
		<database>roboflow.com</database>
	</source>
	<size>
		<width>416</width>
		<height>416</height>
		<depth>3</depth>
	</size>
	<segmented>0</segmented>
	<object>
		<name>Disc Protrusionrotation</name>
		<pose>Unspecified</pose>
		<truncated>0</truncated>
		<difficult>0</difficult>
		<occluded>0</occluded>
		<bndbox>
			<xmin>160</xmin>
			<xmax>187</xmax>
			<ymin>209</ymin>
			<ymax>230</ymax>
		</bndbox>
	</object>
	<object>
		<name>Osteophytesrotation</name>
		<pose>Unspecified</pose>
		<truncated>0</truncated>
		<difficult>0</difficult>
		<occluded>0</occluded>
		<bndbox>
			<xmin>160</xmin>
			<xmax>187</xmax>
			<ymin>209</ymin>
			<ymax>230</ymax>
		</bndbox>
	</object>
	<object>
		<name>Disc Protrusionrotation</name>
		<pose>Unspecified</pose>
		<truncated>0</truncated>
		<difficult>0</difficult>
		<occluded>0</occluded>
		<bndbox>
			<xmin>156</xmin>
			<xmax>186</xmax>
			<ymin>188</ymin>
			<ymax>201</ymax>
		</bndbox>
	</object>
	<object>
		<name>Disc Protrusionrotation</name>
		<pose>Unspecified</pose>
		<truncated>0</truncated>
		<difficult>0</difficult>
		<occluded>0</occluded>
		<bndbox>
			<xmin>156</xmin>
			<xmax>181</xmax>
			<ymin>165</ymin>
			<ymax>174</ymax>
		</bndbox>
	</object>
	<object>
		<name>Osteophytesrotation</name>
		<pose>Unspecified</pose>
		<truncated>0</truncated>
		<difficult>0</difficult>
		<occluded>0</occluded>
		<bndbox>
			<xmin>156</xmin>
			<xmax>181</xmax>
			<ymin>165</ymin>
			<ymax>174</ymax>
		</bndbox>
	</object>
	<object>
		<name>Osteophytesrotation</name>
		<pose>Unspecified</pose>
		<truncated>0</truncated>
		<difficult>0</difficult>
		<occluded>0</occluded>
		<bndbox>
			<xmin>156</xmin>
			<xmax>186</xmax>
			<ymin>188</ymin>
			<ymax>201</ymax>
		</bndbox>
	</object>
</annotation>
