<annotation>
	<folder></folder>
	<filename>-46-_jpg.rf.2b7c63a12fba9f7ab24261dd6f072684.jpg</filename>
	<path>-46-_jpg.rf.2b7c63a12fba9f7ab24261dd6f072684.jpg</path>
	<source>
		<database>roboflow.com</database>
	</source>
	<size>
		<width>416</width>
		<height>416</height>
		<depth>3</depth>
	</size>
	<segmented>0</segmented>
	<object>
		<name>Osteophytesrotation</name>
		<pose>Unspecified</pose>
		<truncated>0</truncated>
		<difficult>0</difficult>
		<occluded>0</occluded>
		<bndbox>
			<xmin>195</xmin>
			<xmax>232</xmax>
			<ymin>251</ymin>
			<ymax>266</ymax>
		</bndbox>
	</object>
	<object>
		<name>Osteophytesrotation</name>
		<pose>Unspecified</pose>
		<truncated>0</truncated>
		<difficult>0</difficult>
		<occluded>0</occluded>
		<bndbox>
			<xmin>176</xmin>
			<xmax>210</xmax>
			<ymin>201</ymin>
			<ymax>217</ymax>
		</bndbox>
	</object>
	<object>
		<name>Disc Protrusionrotation</name>
		<pose>Unspecified</pose>
		<truncated>0</truncated>
		<difficult>0</difficult>
		<occluded>0</occluded>
		<bndbox>
			<xmin>176</xmin>
			<xmax>210</xmax>
			<ymin>201</ymin>
			<ymax>217</ymax>
		</bndbox>
	</object>
	<object>
		<name>Disc Protrusionrotation</name>
		<pose>Unspecified</pose>
		<truncated>0</truncated>
		<difficult>0</difficult>
		<occluded>0</occluded>
		<bndbox>
			<xmin>185</xmin>
			<xmax>220</xmax>
			<ymin>226</ymin>
			<ymax>243</ymax>
		</bndbox>
	</object>
	<object>
		<name>Disc Protrusionrotation</name>
		<pose>Unspecified</pose>
		<truncated>0</truncated>
		<difficult>0</difficult>
		<occluded>0</occluded>
		<bndbox>
			<xmin>214</xmin>
			<xmax>250</xmax>
			<ymin>276</ymin>
			<ymax>293</ymax>
		</bndbox>
	</object>
	<object>
		<name>Disc Protrusionrotation</name>
		<pose>Unspecified</pose>
		<truncated>0</truncated>
		<difficult>0</difficult>
		<occluded>0</occluded>
		<bndbox>
			<xmin>195</xmin>
			<xmax>232</xmax>
			<ymin>251</ymin>
			<ymax>266</ymax>
		</bndbox>
	</object>
</annotation>
