<annotation>
	<folder></folder>
	<filename>-65-_jpg.rf.0c1c16f81084927620550783160de7e9.jpg</filename>
	<path>-65-_jpg.rf.0c1c16f81084927620550783160de7e9.jpg</path>
	<source>
		<database>roboflow.com</database>
	</source>
	<size>
		<width>416</width>
		<height>416</height>
		<depth>3</depth>
	</size>
	<segmented>0</segmented>
	<object>
		<name>Annular Disc Relaxationrotation</name>
		<pose>Unspecified</pose>
		<truncated>0</truncated>
		<difficult>0</difficult>
		<occluded>0</occluded>
		<bndbox>
			<xmin>167</xmin>
			<xmax>198</xmax>
			<ymin>170</ymin>
			<ymax>183</ymax>
		</bndbox>
	</object>
	<object>
		<name>Annular Disc Relaxationrotation</name>
		<pose>Unspecified</pose>
		<truncated>0</truncated>
		<difficult>0</difficult>
		<occluded>0</occluded>
		<bndbox>
			<xmin>177</xmin>
			<xmax>208</xmax>
			<ymin>193</ymin>
			<ymax>208</ymax>
		</bndbox>
	</object>
</annotation>
