<annotation>
	<folder></folder>
	<filename>-67-_jpg.rf.012c93edd5efef99585d974cda85cd5e.jpg</filename>
	<path>-67-_jpg.rf.012c93edd5efef99585d974cda85cd5e.jpg</path>
	<source>
		<database>roboflow.com</database>
	</source>
	<size>
		<width>416</width>
		<height>416</height>
		<depth>3</depth>
	</size>
	<segmented>0</segmented>
	<object>
		<name>Annular Disc Relaxationrotation</name>
		<pose>Unspecified</pose>
		<truncated>0</truncated>
		<difficult>0</difficult>
		<occluded>0</occluded>
		<bndbox>
			<xmin>167</xmin>
			<xmax>197</xmax>
			<ymin>170</ymin>
			<ymax>184</ymax>
		</bndbox>
	</object>
	<object>
		<name>Annular Disc Relaxationrotation</name>
		<pose>Unspecified</pose>
		<truncated>0</truncated>
		<difficult>0</difficult>
		<occluded>0</occluded>
		<bndbox>
			<xmin>176</xmin>
			<xmax>209</xmax>
			<ymin>193</ymin>
			<ymax>208</ymax>
		</bndbox>
	</object>
</annotation>
