<annotation>
	<folder></folder>
	<filename>-70-_jpg.rf.7f7964976e3f9435e649bc3875232e58.jpg</filename>
	<path>-70-_jpg.rf.7f7964976e3f9435e649bc3875232e58.jpg</path>
	<source>
		<database>roboflow.com</database>
	</source>
	<size>
		<width>416</width>
		<height>416</height>
		<depth>3</depth>
	</size>
	<segmented>0</segmented>
	<object>
		<name>Osteophytesrotation</name>
		<pose>Unspecified</pose>
		<truncated>0</truncated>
		<difficult>0</difficult>
		<occluded>0</occluded>
		<bndbox>
			<xmin>172</xmin>
			<xmax>206</xmax>
			<ymin>172</ymin>
			<ymax>189</ymax>
		</bndbox>
	</object>
	<object>
		<name>Disc Protrusionrotation</name>
		<pose>Unspecified</pose>
		<truncated>0</truncated>
		<difficult>0</difficult>
		<occluded>0</occluded>
		<bndbox>
			<xmin>185</xmin>
			<xmax>220</xmax>
			<ymin>225</ymin>
			<ymax>242</ymax>
		</bndbox>
	</object>
	<object>
		<name>Disc Protrusionrotation</name>
		<pose>Unspecified</pose>
		<truncated>0</truncated>
		<difficult>0</difficult>
		<occluded>0</occluded>
		<bndbox>
			<xmin>172</xmin>
			<xmax>206</xmax>
			<ymin>172</ymin>
			<ymax>189</ymax>
		</bndbox>
	</object>
	<object>
		<name>Disc Protrusionrotation</name>
		<pose>Unspecified</pose>
		<truncated>0</truncated>
		<difficult>0</difficult>
		<occluded>0</occluded>
		<bndbox>
			<xmin>176</xmin>
			<xmax>210</xmax>
			<ymin>199</ymin>
			<ymax>216</ymax>
		</bndbox>
	</object>
	<object>
		<name>Disc Protrusionrotation</name>
		<pose>Unspecified</pose>
		<truncated>0</truncated>
		<difficult>0</difficult>
		<occluded>0</occluded>
		<bndbox>
			<xmin>195</xmin>
			<xmax>232</xmax>
			<ymin>249</ymin>
			<ymax>264</ymax>
		</bndbox>
	</object>
	<object>
		<name>Osteophytesrotation</name>
		<pose>Unspecified</pose>
		<truncated>0</truncated>
		<difficult>0</difficult>
		<occluded>0</occluded>
		<bndbox>
			<xmin>185</xmin>
			<xmax>220</xmax>
			<ymin>225</ymin>
			<ymax>242</ymax>
		</bndbox>
	</object>
</annotation>
