<annotation>
	<folder></folder>
	<filename>-76-_jpg.rf.03b2223a5192a55fe77600ae5f7f6130.jpg</filename>
	<path>-76-_jpg.rf.03b2223a5192a55fe77600ae5f7f6130.jpg</path>
	<source>
		<database>roboflow.com</database>
	</source>
	<size>
		<width>416</width>
		<height>416</height>
		<depth>3</depth>
	</size>
	<segmented>0</segmented>
	<object>
		<name>Annular Disc Relaxationrotation</name>
		<pose>Unspecified</pose>
		<truncated>0</truncated>
		<difficult>0</difficult>
		<occluded>0</occluded>
		<bndbox>
			<xmin>175</xmin>
			<xmax>208</xmax>
			<ymin>191</ymin>
			<ymax>203</ymax>
		</bndbox>
	</object>
	<object>
		<name>Annular Disc Relaxationrotation</name>
		<pose>Unspecified</pose>
		<truncated>0</truncated>
		<difficult>0</difficult>
		<occluded>0</occluded>
		<bndbox>
			<xmin>164</xmin>
			<xmax>198</xmax>
			<ymin>168</ymin>
			<ymax>182</ymax>
		</bndbox>
	</object>
</annotation>
