<annotation>
	<folder></folder>
	<filename>-77-_jpg.rf.a6afce5418a397748b420c68038d4620.jpg</filename>
	<path>-77-_jpg.rf.a6afce5418a397748b420c68038d4620.jpg</path>
	<source>
		<database>roboflow.com</database>
	</source>
	<size>
		<width>416</width>
		<height>416</height>
		<depth>3</depth>
	</size>
	<segmented>0</segmented>
	<object>
		<name>Annular Disc Relaxationrotation</name>
		<pose>Unspecified</pose>
		<truncated>0</truncated>
		<difficult>0</difficult>
		<occluded>0</occluded>
		<bndbox>
			<xmin>167</xmin>
			<xmax>199</xmax>
			<ymin>170</ymin>
			<ymax>184</ymax>
		</bndbox>
	</object>
	<object>
		<name>Annular Disc Relaxationrotation</name>
		<pose>Unspecified</pose>
		<truncated>0</truncated>
		<difficult>0</difficult>
		<occluded>0</occluded>
		<bndbox>
			<xmin>174</xmin>
			<xmax>209</xmax>
			<ymin>192</ymin>
			<ymax>205</ymax>
		</bndbox>
	</object>
</annotation>
