<annotation>
	<folder></folder>
	<filename>-78-_jpg.rf.9c63ecb5954f012bd477a3df8c5663d8.jpg</filename>
	<path>-78-_jpg.rf.9c63ecb5954f012bd477a3df8c5663d8.jpg</path>
	<source>
		<database>roboflow.com</database>
	</source>
	<size>
		<width>416</width>
		<height>416</height>
		<depth>3</depth>
	</size>
	<segmented>0</segmented>
	<object>
		<name>Annular Disc Relaxationrotation</name>
		<pose>Unspecified</pose>
		<truncated>0</truncated>
		<difficult>0</difficult>
		<occluded>0</occluded>
		<bndbox>
			<xmin>175</xmin>
			<xmax>212</xmax>
			<ymin>191</ymin>
			<ymax>208</ymax>
		</bndbox>
	</object>
	<object>
		<name>Annular Disc Relaxationrotation</name>
		<pose>Unspecified</pose>
		<truncated>0</truncated>
		<difficult>0</difficult>
		<occluded>0</occluded>
		<bndbox>
			<xmin>166</xmin>
			<xmax>199</xmax>
			<ymin>169</ymin>
			<ymax>181</ymax>
		</bndbox>
	</object>
</annotation>
