<annotation>
	<folder></folder>
	<filename>-79-_jpg.rf.81fe97a4310ae9e7cd83f1532e8492db.jpg</filename>
	<path>-79-_jpg.rf.81fe97a4310ae9e7cd83f1532e8492db.jpg</path>
	<source>
		<database>roboflow.com</database>
	</source>
	<size>
		<width>416</width>
		<height>416</height>
		<depth>3</depth>
	</size>
	<segmented>0</segmented>
	<object>
		<name>Annular Disc Relaxationrotation</name>
		<pose>Unspecified</pose>
		<truncated>0</truncated>
		<difficult>0</difficult>
		<occluded>0</occluded>
		<bndbox>
			<xmin>173</xmin>
			<xmax>208</xmax>
			<ymin>193</ymin>
			<ymax>207</ymax>
		</bndbox>
	</object>
	<object>
		<name>Annular Disc Relaxationrotation</name>
		<pose>Unspecified</pose>
		<truncated>0</truncated>
		<difficult>0</difficult>
		<occluded>0</occluded>
		<bndbox>
			<xmin>165</xmin>
			<xmax>197</xmax>
			<ymin>169</ymin>
			<ymax>182</ymax>
		</bndbox>
	</object>
</annotation>
