<annotation>
	<folder></folder>
	<filename>-80-_1_jpg.rf.81470fc77688756049828fdc1824b6aa.jpg</filename>
	<path>-80-_1_jpg.rf.81470fc77688756049828fdc1824b6aa.jpg</path>
	<source>
		<database>roboflow.com</database>
	</source>
	<size>
		<width>416</width>
		<height>416</height>
		<depth>3</depth>
	</size>
	<segmented>0</segmented>
	<object>
		<name>Annular Disc Relaxationrotation</name>
		<pose>Unspecified</pose>
		<truncated>0</truncated>
		<difficult>0</difficult>
		<occluded>0</occluded>
		<bndbox>
			<xmin>166</xmin>
			<xmax>196</xmax>
			<ymin>162</ymin>
			<ymax>185</ymax>
		</bndbox>
	</object>
	<object>
		<name>Annular Disc Relaxationrotation</name>
		<pose>Unspecified</pose>
		<truncated>0</truncated>
		<difficult>0</difficult>
		<occluded>0</occluded>
		<bndbox>
			<xmin>172</xmin>
			<xmax>207</xmax>
			<ymin>191</ymin>
			<ymax>209</ymax>
		</bndbox>
	</object>
</annotation>
