<annotation>
	<folder></folder>
	<filename>ABD-ALSALAM-YUSRY-MAHMOUD-ABO-SHADY-19-_jpg.rf.b6b7f1213c62c6836a5d2d4d8d03ee41.jpg</filename>
	<path>ABD-ALSALAM-YUSRY-MAHMOUD-ABO-SHADY-19-_jpg.rf.b6b7f1213c62c6836a5d2d4d8d03ee41.jpg</path>
	<source>
		<database>roboflow.com</database>
	</source>
	<size>
		<width>416</width>
		<height>416</height>
		<depth>3</depth>
	</size>
	<segmented>0</segmented>
	<object>
		<name>Disc Bulgerotation</name>
		<pose>Unspecified</pose>
		<truncated>0</truncated>
		<difficult>0</difficult>
		<occluded>0</occluded>
		<bndbox>
			<xmin>137</xmin>
			<xmax>250</xmax>
			<ymin>210</ymin>
			<ymax>257</ymax>
		</bndbox>
	</object>
	<object>
		<name>Disc Bulgerotation</name>
		<pose>Unspecified</pose>
		<truncated>0</truncated>
		<difficult>0</difficult>
		<occluded>0</occluded>
		<bndbox>
			<xmin>140</xmin>
			<xmax>221</xmax>
			<ymin>310</ymin>
			<ymax>352</ymax>
		</bndbox>
	</object>
</annotation>
