<annotation>
	<folder></folder>
	<filename>ABD-ALSALAM-YUSRY-MAHMOUD-ABO-SHADY-8-_jpg.rf.758ae3d8584c8b1e89ec0d059ccdd763.jpg</filename>
	<path>ABD-ALSALAM-YUSRY-MAHMOUD-ABO-SHADY-8-_jpg.rf.758ae3d8584c8b1e89ec0d059ccdd763.jpg</path>
	<source>
		<database>roboflow.com</database>
	</source>
	<size>
		<width>416</width>
		<height>416</height>
		<depth>3</depth>
	</size>
	<segmented>0</segmented>
	<object>
		<name>Disc Bulgerotation</name>
		<pose>Unspecified</pose>
		<truncated>0</truncated>
		<difficult>0</difficult>
		<occluded>0</occluded>
		<bndbox>
			<xmin>147</xmin>
			<xmax>223</xmax>
			<ymin>310</ymin>
			<ymax>354</ymax>
		</bndbox>
	</object>
	<object>
		<name>Disc Bulgerotation</name>
		<pose>Unspecified</pose>
		<truncated>0</truncated>
		<difficult>0</difficult>
		<occluded>0</occluded>
		<bndbox>
			<xmin>135</xmin>
			<xmax>218</xmax>
			<ymin>226</ymin>
			<ymax>252</ymax>
		</bndbox>
	</object>
</annotation>
