<annotation>
	<folder></folder>
	<filename>ABD-ALSALAM-YUSRY-MAHMOUD-ABO-SHADY-13-_jpg.rf.e752efcd0cc1fc36d1986a493cc89749.jpg</filename>
	<path>ABD-ALSALAM-YUSRY-MAHMOUD-ABO-SHADY-13-_jpg.rf.e752efcd0cc1fc36d1986a493cc89749.jpg</path>
	<source>
		<database>roboflow.com</database>
	</source>
	<size>
		<width>416</width>
		<height>416</height>
		<depth>3</depth>
	</size>
	<segmented>0</segmented>
	<object>
		<name>Disc Bulgerotation</name>
		<pose>Unspecified</pose>
		<truncated>0</truncated>
		<difficult>0</difficult>
		<occluded>0</occluded>
		<bndbox>
			<xmin>145</xmin>
			<xmax>228</xmax>
			<ymin>303</ymin>
			<ymax>353</ymax>
		</bndbox>
	</object>
	<object>
		<name>Disc Bulgerotation</name>
		<pose>Unspecified</pose>
		<truncated>0</truncated>
		<difficult>0</difficult>
		<occluded>0</occluded>
		<bndbox>
			<xmin>148</xmin>
			<xmax>242</xmax>
			<ymin>174</ymin>
			<ymax>218</ymax>
		</bndbox>
	</object>
</annotation>
