<annotation>
	<folder></folder>
	<filename>AEVON-EDUARDO-HABEAB-4-_jpg.rf.59525139e192922bb0ef0f29ff72cadd.jpg</filename>
	<path>AEVON-EDUARDO-HABEAB-4-_jpg.rf.59525139e192922bb0ef0f29ff72cadd.jpg</path>
	<source>
		<database>roboflow.com</database>
	</source>
	<size>
		<width>416</width>
		<height>416</height>
		<depth>3</depth>
	</size>
	<segmented>0</segmented>
	<object>
		<name>Disc Bulgerotation</name>
		<pose>Unspecified</pose>
		<truncated>0</truncated>
		<difficult>0</difficult>
		<occluded>0</occluded>
		<bndbox>
			<xmin>156</xmin>
			<xmax>210</xmax>
			<ymin>291</ymin>
			<ymax>324</ymax>
		</bndbox>
	</object>
	<object>
		<name>Disc Relaxationrotation</name>
		<pose>Unspecified</pose>
		<truncated>0</truncated>
		<difficult>0</difficult>
		<occluded>0</occluded>
		<bndbox>
			<xmin>141</xmin>
			<xmax>199</xmax>
			<ymin>248</ymin>
			<ymax>278</ymax>
		</bndbox>
	</object>
	<object>
		<name>Disc Relaxationrotation</name>
		<pose>Unspecified</pose>
		<truncated>0</truncated>
		<difficult>0</difficult>
		<occluded>0</occluded>
		<bndbox>
			<xmin>163</xmin>
			<xmax>221</xmax>
			<ymin>164</ymin>
			<ymax>190</ymax>
		</bndbox>
	</object>
	<object>
		<name>Disc Relaxationrotation</name>
		<pose>Unspecified</pose>
		<truncated>0</truncated>
		<difficult>0</difficult>
		<occluded>0</occluded>
		<bndbox>
			<xmin>152</xmin>
			<xmax>201</xmax>
			<ymin>209</ymin>
			<ymax>233</ymax>
		</bndbox>
	</object>
</annotation>
