<annotation>
	<folder></folder>
	<filename>AEVON-EDUARDO-HABEAB-1-_jpg.rf.04bd635565eae51ca4090cb39e2e475d.jpg</filename>
	<path>AEVON-EDUARDO-HABEAB-1-_jpg.rf.04bd635565eae51ca4090cb39e2e475d.jpg</path>
	<source>
		<database>roboflow.com</database>
	</source>
	<size>
		<width>416</width>
		<height>416</height>
		<depth>3</depth>
	</size>
	<segmented>0</segmented>
	<object>
		<name>Disc Relaxationrotation</name>
		<pose>Unspecified</pose>
		<truncated>0</truncated>
		<difficult>0</difficult>
		<occluded>0</occluded>
		<bndbox>
			<xmin>147</xmin>
			<xmax>208</xmax>
			<ymin>203</ymin>
			<ymax>233</ymax>
		</bndbox>
	</object>
	<object>
		<name>Disc Relaxationrotation</name>
		<pose>Unspecified</pose>
		<truncated>0</truncated>
		<difficult>0</difficult>
		<occluded>0</occluded>
		<bndbox>
			<xmin>161</xmin>
			<xmax>222</xmax>
			<ymin>163</ymin>
			<ymax>192</ymax>
		</bndbox>
	</object>
	<object>
		<name>Disc Relaxationrotation</name>
		<pose>Unspecified</pose>
		<truncated>0</truncated>
		<difficult>0</difficult>
		<occluded>0</occluded>
		<bndbox>
			<xmin>140</xmin>
			<xmax>197</xmax>
			<ymin>251</ymin>
			<ymax>278</ymax>
		</bndbox>
	</object>
	<object>
		<name>Disc Bulgerotation</name>
		<pose>Unspecified</pose>
		<truncated>0</truncated>
		<difficult>0</difficult>
		<occluded>0</occluded>
		<bndbox>
			<xmin>154</xmin>
			<xmax>216</xmax>
			<ymin>287</ymin>
			<ymax>321</ymax>
		</bndbox>
	</object>
</annotation>
