<annotation>
	<folder></folder>
	<filename>AEVON-EDUARDO-HABEAB-5-_jpg.rf.51574a1175cf3483b1d7bd30f02fd96a.jpg</filename>
	<path>AEVON-EDUARDO-HABEAB-5-_jpg.rf.51574a1175cf3483b1d7bd30f02fd96a.jpg</path>
	<source>
		<database>roboflow.com</database>
	</source>
	<size>
		<width>416</width>
		<height>416</height>
		<depth>3</depth>
	</size>
	<segmented>0</segmented>
	<object>
		<name>Disc Relaxationrotation</name>
		<pose>Unspecified</pose>
		<truncated>0</truncated>
		<difficult>0</difficult>
		<occluded>0</occluded>
		<bndbox>
			<xmin>163</xmin>
			<xmax>224</xmax>
			<ymin>168</ymin>
			<ymax>190</ymax>
		</bndbox>
	</object>
	<object>
		<name>Disc Bulgerotation</name>
		<pose>Unspecified</pose>
		<truncated>0</truncated>
		<difficult>0</difficult>
		<occluded>0</occluded>
		<bndbox>
			<xmin>154</xmin>
			<xmax>216</xmax>
			<ymin>292</ymin>
			<ymax>320</ymax>
		</bndbox>
	</object>
	<object>
		<name>Disc Relaxationrotation</name>
		<pose>Unspecified</pose>
		<truncated>0</truncated>
		<difficult>0</difficult>
		<occluded>0</occluded>
		<bndbox>
			<xmin>152</xmin>
			<xmax>204</xmax>
			<ymin>207</ymin>
			<ymax>232</ymax>
		</bndbox>
	</object>
	<object>
		<name>Disc Relaxationrotation</name>
		<pose>Unspecified</pose>
		<truncated>0</truncated>
		<difficult>0</difficult>
		<occluded>0</occluded>
		<bndbox>
			<xmin>142</xmin>
			<xmax>201</xmax>
			<ymin>249</ymin>
			<ymax>276</ymax>
		</bndbox>
	</object>
</annotation>
