<annotation>
	<folder></folder>
	<filename>AEVON-EDUARDO-HABEAB-2-_jpg.rf.998314e9700fe3db0735ac4d734bc431.jpg</filename>
	<path>AEVON-EDUARDO-HABEAB-2-_jpg.rf.998314e9700fe3db0735ac4d734bc431.jpg</path>
	<source>
		<database>roboflow.com</database>
	</source>
	<size>
		<width>416</width>
		<height>416</height>
		<depth>3</depth>
	</size>
	<segmented>0</segmented>
	<object>
		<name>Disc Bulgerotation</name>
		<pose>Unspecified</pose>
		<truncated>0</truncated>
		<difficult>0</difficult>
		<occluded>0</occluded>
		<bndbox>
			<xmin>154</xmin>
			<xmax>215</xmax>
			<ymin>291</ymin>
			<ymax>323</ymax>
		</bndbox>
	</object>
	<object>
		<name>Disc Relaxationrotation</name>
		<pose>Unspecified</pose>
		<truncated>0</truncated>
		<difficult>0</difficult>
		<occluded>0</occluded>
		<bndbox>
			<xmin>149</xmin>
			<xmax>206</xmax>
			<ymin>204</ymin>
			<ymax>231</ymax>
		</bndbox>
	</object>
	<object>
		<name>Disc Relaxationrotation</name>
		<pose>Unspecified</pose>
		<truncated>0</truncated>
		<difficult>0</difficult>
		<occluded>0</occluded>
		<bndbox>
			<xmin>136</xmin>
			<xmax>203</xmax>
			<ymin>243</ymin>
			<ymax>275</ymax>
		</bndbox>
	</object>
	<object>
		<name>Disc Relaxationrotation</name>
		<pose>Unspecified</pose>
		<truncated>0</truncated>
		<difficult>0</difficult>
		<occluded>0</occluded>
		<bndbox>
			<xmin>160</xmin>
			<xmax>223</xmax>
			<ymin>166</ymin>
			<ymax>193</ymax>
		</bndbox>
	</object>
</annotation>
