<annotation>
	<folder></folder>
	<filename>AEVON-EDUARDO-HABEAB-6-_jpg.rf.d2b655ae95fe34e958e1feb1b124ab83.jpg</filename>
	<path>AEVON-EDUARDO-HABEAB-6-_jpg.rf.d2b655ae95fe34e958e1feb1b124ab83.jpg</path>
	<source>
		<database>roboflow.com</database>
	</source>
	<size>
		<width>416</width>
		<height>416</height>
		<depth>3</depth>
	</size>
	<segmented>0</segmented>
	<object>
		<name>Disc Bulgerotation</name>
		<pose>Unspecified</pose>
		<truncated>0</truncated>
		<difficult>0</difficult>
		<occluded>0</occluded>
		<bndbox>
			<xmin>159</xmin>
			<xmax>213</xmax>
			<ymin>292</ymin>
			<ymax>323</ymax>
		</bndbox>
	</object>
	<object>
		<name>Disc Relaxationrotation</name>
		<pose>Unspecified</pose>
		<truncated>0</truncated>
		<difficult>0</difficult>
		<occluded>0</occluded>
		<bndbox>
			<xmin>152</xmin>
			<xmax>207</xmax>
			<ymin>206</ymin>
			<ymax>232</ymax>
		</bndbox>
	</object>
	<object>
		<name>Disc Relaxationrotation</name>
		<pose>Unspecified</pose>
		<truncated>0</truncated>
		<difficult>0</difficult>
		<occluded>0</occluded>
		<bndbox>
			<xmin>164</xmin>
			<xmax>222</xmax>
			<ymin>164</ymin>
			<ymax>190</ymax>
		</bndbox>
	</object>
	<object>
		<name>Disc Relaxationrotation</name>
		<pose>Unspecified</pose>
		<truncated>0</truncated>
		<difficult>0</difficult>
		<occluded>0</occluded>
		<bndbox>
			<xmin>145</xmin>
			<xmax>203</xmax>
			<ymin>250</ymin>
			<ymax>276</ymax>
		</bndbox>
	</object>
</annotation>
