<annotation>
	<folder></folder>
	<filename>AEVON-EDUARDO-HABEAB-3-_jpg.rf.0a29e00ee37896ecad9850081d51577c.jpg</filename>
	<path>AEVON-EDUARDO-HABEAB-3-_jpg.rf.0a29e00ee37896ecad9850081d51577c.jpg</path>
	<source>
		<database>roboflow.com</database>
	</source>
	<size>
		<width>416</width>
		<height>416</height>
		<depth>3</depth>
	</size>
	<segmented>0</segmented>
	<object>
		<name>Disc Relaxationrotation</name>
		<pose>Unspecified</pose>
		<truncated>0</truncated>
		<difficult>0</difficult>
		<occluded>0</occluded>
		<bndbox>
			<xmin>151</xmin>
			<xmax>204</xmax>
			<ymin>209</ymin>
			<ymax>234</ymax>
		</bndbox>
	</object>
	<object>
		<name>Disc Relaxationrotation</name>
		<pose>Unspecified</pose>
		<truncated>0</truncated>
		<difficult>0</difficult>
		<occluded>0</occluded>
		<bndbox>
			<xmin>161</xmin>
			<xmax>219</xmax>
			<ymin>164</ymin>
			<ymax>189</ymax>
		</bndbox>
	</object>
	<object>
		<name>Disc Relaxationrotation</name>
		<pose>Unspecified</pose>
		<truncated>0</truncated>
		<difficult>0</difficult>
		<occluded>0</occluded>
		<bndbox>
			<xmin>143</xmin>
			<xmax>202</xmax>
			<ymin>249</ymin>
			<ymax>278</ymax>
		</bndbox>
	</object>
	<object>
		<name>Disc Bulgerotation</name>
		<pose>Unspecified</pose>
		<truncated>0</truncated>
		<difficult>0</difficult>
		<occluded>0</occluded>
		<bndbox>
			<xmin>154</xmin>
			<xmax>215</xmax>
			<ymin>291</ymin>
			<ymax>326</ymax>
		</bndbox>
	</object>
</annotation>
