<annotation>
	<folder></folder>
	<filename>ALH-ABO-ZAEAD-ALH-ABOZAID-11-_jpg.rf.9f539d2ea86981b75f8b6bcf17cb6b79.jpg</filename>
	<path>ALH-ABO-ZAEAD-ALH-ABOZAID-11-_jpg.rf.9f539d2ea86981b75f8b6bcf17cb6b79.jpg</path>
	<source>
		<database>roboflow.com</database>
	</source>
	<size>
		<width>416</width>
		<height>416</height>
		<depth>3</depth>
	</size>
	<segmented>0</segmented>
	<object>
		<name>Disc Relaxationrotation</name>
		<pose>Unspecified</pose>
		<truncated>0</truncated>
		<difficult>0</difficult>
		<occluded>0</occluded>
		<bndbox>
			<xmin>164</xmin>
			<xmax>214</xmax>
			<ymin>185</ymin>
			<ymax>298</ymax>
		</bndbox>
	</object>
	<object>
		<name>Disc Relaxationrotation</name>
		<pose>Unspecified</pose>
		<truncated>0</truncated>
		<difficult>0</difficult>
		<occluded>0</occluded>
		<bndbox>
			<xmin>181</xmin>
			<xmax>222</xmax>
			<ymin>312</ymin>
			<ymax>335</ymax>
		</bndbox>
	</object>
	<object>
		<name>Disc Bulgerotation</name>
		<pose>Unspecified</pose>
		<truncated>0</truncated>
		<difficult>0</difficult>
		<occluded>0</occluded>
		<bndbox>
			<xmin>182</xmin>
			<xmax>222</xmax>
			<ymin>312</ymin>
			<ymax>336</ymax>
		</bndbox>
	</object>
</annotation>
