<annotation>
	<folder></folder>
	<filename>ALH-ABO-ZAEAD-ALH-ABOZAID-6-_jpg.rf.60ea50f0748afa416f7939c7bc20e8d0.jpg</filename>
	<path>ALH-ABO-ZAEAD-ALH-ABOZAID-6-_jpg.rf.60ea50f0748afa416f7939c7bc20e8d0.jpg</path>
	<source>
		<database>roboflow.com</database>
	</source>
	<size>
		<width>416</width>
		<height>416</height>
		<depth>3</depth>
	</size>
	<segmented>0</segmented>
	<object>
		<name>Disc Relaxationrotation</name>
		<pose>Unspecified</pose>
		<truncated>0</truncated>
		<difficult>0</difficult>
		<occluded>0</occluded>
		<bndbox>
			<xmin>180</xmin>
			<xmax>221</xmax>
			<ymin>311</ymin>
			<ymax>334</ymax>
		</bndbox>
	</object>
	<object>
		<name>Disc Bulgerotation</name>
		<pose>Unspecified</pose>
		<truncated>0</truncated>
		<difficult>0</difficult>
		<occluded>0</occluded>
		<bndbox>
			<xmin>180</xmin>
			<xmax>222</xmax>
			<ymin>311</ymin>
			<ymax>335</ymax>
		</bndbox>
	</object>
	<object>
		<name>Disc Relaxationrotation</name>
		<pose>Unspecified</pose>
		<truncated>0</truncated>
		<difficult>0</difficult>
		<occluded>0</occluded>
		<bndbox>
			<xmin>161</xmin>
			<xmax>211</xmax>
			<ymin>185</ymin>
			<ymax>301</ymax>
		</bndbox>
	</object>
</annotation>
