<annotation>
	<folder></folder>
	<filename>ALH-ABO-ZAEAD-ALH-ABOZAID-12-_jpg.rf.4237c4683f88c4b2cdbc7bae11ee4953.jpg</filename>
	<path>ALH-ABO-ZAEAD-ALH-ABOZAID-12-_jpg.rf.4237c4683f88c4b2cdbc7bae11ee4953.jpg</path>
	<source>
		<database>roboflow.com</database>
	</source>
	<size>
		<width>416</width>
		<height>416</height>
		<depth>3</depth>
	</size>
	<segmented>0</segmented>
	<object>
		<name>Disc Bulgerotation</name>
		<pose>Unspecified</pose>
		<truncated>0</truncated>
		<difficult>0</difficult>
		<occluded>0</occluded>
		<bndbox>
			<xmin>181</xmin>
			<xmax>223</xmax>
			<ymin>309</ymin>
			<ymax>333</ymax>
		</bndbox>
	</object>
	<object>
		<name>Disc Relaxationrotation</name>
		<pose>Unspecified</pose>
		<truncated>0</truncated>
		<difficult>0</difficult>
		<occluded>0</occluded>
		<bndbox>
			<xmin>181</xmin>
			<xmax>222</xmax>
			<ymin>308</ymin>
			<ymax>332</ymax>
		</bndbox>
	</object>
	<object>
		<name>Disc Relaxationrotation</name>
		<pose>Unspecified</pose>
		<truncated>0</truncated>
		<difficult>0</difficult>
		<occluded>0</occluded>
		<bndbox>
			<xmin>158</xmin>
			<xmax>214</xmax>
			<ymin>180</ymin>
			<ymax>297</ymax>
		</bndbox>
	</object>
</annotation>
