<annotation>
	<folder></folder>
	<filename>ALH-ABO-ZAEAD-ALH-ABOZAID-2-_jpg.rf.0ca7ef3b7b42775a517b93322b9721f1.jpg</filename>
	<path>ALH-ABO-ZAEAD-ALH-ABOZAID-2-_jpg.rf.0ca7ef3b7b42775a517b93322b9721f1.jpg</path>
	<source>
		<database>roboflow.com</database>
	</source>
	<size>
		<width>416</width>
		<height>416</height>
		<depth>3</depth>
	</size>
	<segmented>0</segmented>
	<object>
		<name>Disc Relaxationrotation</name>
		<pose>Unspecified</pose>
		<truncated>0</truncated>
		<difficult>0</difficult>
		<occluded>0</occluded>
		<bndbox>
			<xmin>182</xmin>
			<xmax>223</xmax>
			<ymin>311</ymin>
			<ymax>334</ymax>
		</bndbox>
	</object>
	<object>
		<name>Disc Relaxationrotation</name>
		<pose>Unspecified</pose>
		<truncated>0</truncated>
		<difficult>0</difficult>
		<occluded>0</occluded>
		<bndbox>
			<xmin>162</xmin>
			<xmax>215</xmax>
			<ymin>181</ymin>
			<ymax>294</ymax>
		</bndbox>
	</object>
	<object>
		<name>Disc Bulgerotation</name>
		<pose>Unspecified</pose>
		<truncated>0</truncated>
		<difficult>0</difficult>
		<occluded>0</occluded>
		<bndbox>
			<xmin>181</xmin>
			<xmax>227</xmax>
			<ymin>309</ymin>
			<ymax>333</ymax>
		</bndbox>
	</object>
</annotation>
