<annotation>
	<folder></folder>
	<filename>ALH-ABO-ZAEAD-ALH-ABOZAID-1-_jpg.rf.4be046f67ee6fe2e8a7cecc9a2176e7c.jpg</filename>
	<path>ALH-ABO-ZAEAD-ALH-ABOZAID-1-_jpg.rf.4be046f67ee6fe2e8a7cecc9a2176e7c.jpg</path>
	<source>
		<database>roboflow.com</database>
	</source>
	<size>
		<width>416</width>
		<height>416</height>
		<depth>3</depth>
	</size>
	<segmented>0</segmented>
	<object>
		<name>Disc Bulgerotation</name>
		<pose>Unspecified</pose>
		<truncated>0</truncated>
		<difficult>0</difficult>
		<occluded>0</occluded>
		<bndbox>
			<xmin>183</xmin>
			<xmax>222</xmax>
			<ymin>310</ymin>
			<ymax>334</ymax>
		</bndbox>
	</object>
	<object>
		<name>Disc Relaxationrotation</name>
		<pose>Unspecified</pose>
		<truncated>0</truncated>
		<difficult>0</difficult>
		<occluded>0</occluded>
		<bndbox>
			<xmin>164</xmin>
			<xmax>214</xmax>
			<ymin>183</ymin>
			<ymax>296</ymax>
		</bndbox>
	</object>
	<object>
		<name>Disc Relaxationrotation</name>
		<pose>Unspecified</pose>
		<truncated>0</truncated>
		<difficult>0</difficult>
		<occluded>0</occluded>
		<bndbox>
			<xmin>182</xmin>
			<xmax>223</xmax>
			<ymin>310</ymin>
			<ymax>333</ymax>
		</bndbox>
	</object>
</annotation>
