<annotation>
	<folder></folder>
	<filename>ALH-ABO-ZAEAD-ALH-ABOZAID-13-_jpg.rf.959e0417ba7dad73b0bbce2ef2cfbaf2.jpg</filename>
	<path>ALH-ABO-ZAEAD-ALH-ABOZAID-13-_jpg.rf.959e0417ba7dad73b0bbce2ef2cfbaf2.jpg</path>
	<source>
		<database>roboflow.com</database>
	</source>
	<size>
		<width>416</width>
		<height>416</height>
		<depth>3</depth>
	</size>
	<segmented>0</segmented>
	<object>
		<name>Disc Bulgerotation</name>
		<pose>Unspecified</pose>
		<truncated>0</truncated>
		<difficult>0</difficult>
		<occluded>0</occluded>
		<bndbox>
			<xmin>182</xmin>
			<xmax>222</xmax>
			<ymin>311</ymin>
			<ymax>335</ymax>
		</bndbox>
	</object>
	<object>
		<name>Disc Relaxationrotation</name>
		<pose>Unspecified</pose>
		<truncated>0</truncated>
		<difficult>0</difficult>
		<occluded>0</occluded>
		<bndbox>
			<xmin>183</xmin>
			<xmax>224</xmax>
			<ymin>308</ymin>
			<ymax>332</ymax>
		</bndbox>
	</object>
	<object>
		<name>Disc Relaxationrotation</name>
		<pose>Unspecified</pose>
		<truncated>0</truncated>
		<difficult>0</difficult>
		<occluded>0</occluded>
		<bndbox>
			<xmin>162</xmin>
			<xmax>214</xmax>
			<ymin>184</ymin>
			<ymax>296</ymax>
		</bndbox>
	</object>
</annotation>
