<annotation>
	<folder></folder>
	<filename>AMAL-RABEA-ALKELANY-IBRAHIM-SAKAR-6-_jpg.rf.5f7b747ba3f2e66130ead1734662e28b.jpg</filename>
	<path>AMAL-RABEA-ALKELANY-IBRAHIM-SAKAR-6-_jpg.rf.5f7b747ba3f2e66130ead1734662e28b.jpg</path>
	<source>
		<database>roboflow.com</database>
	</source>
	<size>
		<width>416</width>
		<height>416</height>
		<depth>3</depth>
	</size>
	<segmented>0</segmented>
	<object>
		<name>Disc Bulgerotation</name>
		<pose>Unspecified</pose>
		<truncated>0</truncated>
		<difficult>0</difficult>
		<occluded>0</occluded>
		<bndbox>
			<xmin>176</xmin>
			<xmax>241</xmax>
			<ymin>145</ymin>
			<ymax>168</ymax>
		</bndbox>
	</object>
	<object>
		<name>Disc Bulgerotation</name>
		<pose>Unspecified</pose>
		<truncated>0</truncated>
		<difficult>0</difficult>
		<occluded>0</occluded>
		<bndbox>
			<xmin>152</xmin>
			<xmax>215</xmax>
			<ymin>256</ymin>
			<ymax>282</ymax>
		</bndbox>
	</object>
	<object>
		<name>Disc Bulgerotation</name>
		<pose>Unspecified</pose>
		<truncated>0</truncated>
		<difficult>0</difficult>
		<occluded>0</occluded>
		<bndbox>
			<xmin>159</xmin>
			<xmax>224</xmax>
			<ymin>214</ymin>
			<ymax>239</ymax>
		</bndbox>
	</object>
	<object>
		<name>Disc Bulgerotation</name>
		<pose>Unspecified</pose>
		<truncated>0</truncated>
		<difficult>0</difficult>
		<occluded>0</occluded>
		<bndbox>
			<xmin>168</xmin>
			<xmax>233</xmax>
			<ymin>179</ymin>
			<ymax>205</ymax>
		</bndbox>
	</object>
</annotation>
