<annotation>
	<folder></folder>
	<filename>AMAL-RAGAB-ALSAMMAN-ALI-1-_jpg.rf.4e29028e7d38b56432a6f0a8b8552e56.jpg</filename>
	<path>AMAL-RAGAB-ALSAMMAN-ALI-1-_jpg.rf.4e29028e7d38b56432a6f0a8b8552e56.jpg</path>
	<source>
		<database>roboflow.com</database>
	</source>
	<size>
		<width>416</width>
		<height>416</height>
		<depth>3</depth>
	</size>
	<segmented>0</segmented>
	<object>
		<name>Disc Relaxationrotation</name>
		<pose>Unspecified</pose>
		<truncated>0</truncated>
		<difficult>0</difficult>
		<occluded>0</occluded>
		<bndbox>
			<xmin>160</xmin>
			<xmax>212</xmax>
			<ymin>210</ymin>
			<ymax>232</ymax>
		</bndbox>
	</object>
</annotation>
