<annotation>
	<folder></folder>
	<filename>AMAL-RAGAB-ALSAMMAN-ALI-5-_jpg.rf.8cc5e73ffd8fd5b73ba12a32c409eadc.jpg</filename>
	<path>AMAL-RAGAB-ALSAMMAN-ALI-5-_jpg.rf.8cc5e73ffd8fd5b73ba12a32c409eadc.jpg</path>
	<source>
		<database>roboflow.com</database>
	</source>
	<size>
		<width>416</width>
		<height>416</height>
		<depth>3</depth>
	</size>
	<segmented>0</segmented>
	<object>
		<name>Disc Relaxationrotation</name>
		<pose>Unspecified</pose>
		<truncated>0</truncated>
		<difficult>0</difficult>
		<occluded>0</occluded>
		<bndbox>
			<xmin>157</xmin>
			<xmax>215</xmax>
			<ymin>206</ymin>
			<ymax>232</ymax>
		</bndbox>
	</object>
</annotation>
