<annotation>
	<folder></folder>
	<filename>AMAL-RABEA-ALKELANY-IBRAHIM-SAKAR-3-_jpg.rf.17e2d7484479ac3fd5202bdf0709c91b.jpg</filename>
	<path>AMAL-RABEA-ALKELANY-IBRAHIM-SAKAR-3-_jpg.rf.17e2d7484479ac3fd5202bdf0709c91b.jpg</path>
	<source>
		<database>roboflow.com</database>
	</source>
	<size>
		<width>416</width>
		<height>416</height>
		<depth>3</depth>
	</size>
	<segmented>0</segmented>
	<object>
		<name>Disc Bulgerotation</name>
		<pose>Unspecified</pose>
		<truncated>0</truncated>
		<difficult>0</difficult>
		<occluded>0</occluded>
		<bndbox>
			<xmin>157</xmin>
			<xmax>225</xmax>
			<ymin>221</ymin>
			<ymax>241</ymax>
		</bndbox>
	</object>
	<object>
		<name>Disc Bulgerotation</name>
		<pose>Unspecified</pose>
		<truncated>0</truncated>
		<difficult>0</difficult>
		<occluded>0</occluded>
		<bndbox>
			<xmin>177</xmin>
			<xmax>248</xmax>
			<ymin>146</ymin>
			<ymax>170</ymax>
		</bndbox>
	</object>
	<object>
		<name>Disc Bulgerotation</name>
		<pose>Unspecified</pose>
		<truncated>0</truncated>
		<difficult>0</difficult>
		<occluded>0</occluded>
		<bndbox>
			<xmin>150</xmin>
			<xmax>215</xmax>
			<ymin>256</ymin>
			<ymax>283</ymax>
		</bndbox>
	</object>
	<object>
		<name>Disc Bulgerotation</name>
		<pose>Unspecified</pose>
		<truncated>0</truncated>
		<difficult>0</difficult>
		<occluded>0</occluded>
		<bndbox>
			<xmin>168</xmin>
			<xmax>238</xmax>
			<ymin>184</ymin>
			<ymax>206</ymax>
		</bndbox>
	</object>
</annotation>
