<annotation>
	<folder></folder>
	<filename>AMAL-RABEA-ALKELANY-IBRAHIM-SAKAR-2-_jpg.rf.f642cd3ee05b0e95ae644fabdb7a0a3d.jpg</filename>
	<path>AMAL-RABEA-ALKELANY-IBRAHIM-SAKAR-2-_jpg.rf.f642cd3ee05b0e95ae644fabdb7a0a3d.jpg</path>
	<source>
		<database>roboflow.com</database>
	</source>
	<size>
		<width>416</width>
		<height>416</height>
		<depth>3</depth>
	</size>
	<segmented>0</segmented>
	<object>
		<name>Disc Bulgerotation</name>
		<pose>Unspecified</pose>
		<truncated>0</truncated>
		<difficult>0</difficult>
		<occluded>0</occluded>
		<bndbox>
			<xmin>167</xmin>
			<xmax>233</xmax>
			<ymin>183</ymin>
			<ymax>204</ymax>
		</bndbox>
	</object>
	<object>
		<name>Disc Bulgerotation</name>
		<pose>Unspecified</pose>
		<truncated>0</truncated>
		<difficult>0</difficult>
		<occluded>0</occluded>
		<bndbox>
			<xmin>177</xmin>
			<xmax>243</xmax>
			<ymin>148</ymin>
			<ymax>166</ymax>
		</bndbox>
	</object>
	<object>
		<name>Disc Bulgerotation</name>
		<pose>Unspecified</pose>
		<truncated>0</truncated>
		<difficult>0</difficult>
		<occluded>0</occluded>
		<bndbox>
			<xmin>153</xmin>
			<xmax>211</xmax>
			<ymin>255</ymin>
			<ymax>281</ymax>
		</bndbox>
	</object>
	<object>
		<name>Disc Bulgerotation</name>
		<pose>Unspecified</pose>
		<truncated>0</truncated>
		<difficult>0</difficult>
		<occluded>0</occluded>
		<bndbox>
			<xmin>161</xmin>
			<xmax>225</xmax>
			<ymin>220</ymin>
			<ymax>242</ymax>
		</bndbox>
	</object>
</annotation>
