<annotation>
	<folder></folder>
	<filename>AMAL-RABEA-ALKELANY-IBRAHIM-SAKAR-4-_jpg.rf.10043376ddedd61198b779e000002c14.jpg</filename>
	<path>AMAL-RABEA-ALKELANY-IBRAHIM-SAKAR-4-_jpg.rf.10043376ddedd61198b779e000002c14.jpg</path>
	<source>
		<database>roboflow.com</database>
	</source>
	<size>
		<width>416</width>
		<height>416</height>
		<depth>3</depth>
	</size>
	<segmented>0</segmented>
	<object>
		<name>Disc Bulgerotation</name>
		<pose>Unspecified</pose>
		<truncated>0</truncated>
		<difficult>0</difficult>
		<occluded>0</occluded>
		<bndbox>
			<xmin>151</xmin>
			<xmax>213</xmax>
			<ymin>257</ymin>
			<ymax>282</ymax>
		</bndbox>
	</object>
	<object>
		<name>Disc Bulgerotation</name>
		<pose>Unspecified</pose>
		<truncated>0</truncated>
		<difficult>0</difficult>
		<occluded>0</occluded>
		<bndbox>
			<xmin>161</xmin>
			<xmax>229</xmax>
			<ymin>219</ymin>
			<ymax>241</ymax>
		</bndbox>
	</object>
	<object>
		<name>Disc Bulgerotation</name>
		<pose>Unspecified</pose>
		<truncated>0</truncated>
		<difficult>0</difficult>
		<occluded>0</occluded>
		<bndbox>
			<xmin>173</xmin>
			<xmax>232</xmax>
			<ymin>183</ymin>
			<ymax>203</ymax>
		</bndbox>
	</object>
	<object>
		<name>Disc Bulgerotation</name>
		<pose>Unspecified</pose>
		<truncated>0</truncated>
		<difficult>0</difficult>
		<occluded>0</occluded>
		<bndbox>
			<xmin>182</xmin>
			<xmax>244</xmax>
			<ymin>146</ymin>
			<ymax>166</ymax>
		</bndbox>
	</object>
</annotation>
