<annotation>
	<folder></folder>
	<filename>AMAL-RAGAB-ALSAMMAN-ALI-6-_jpg.rf.9fd12efa5c2d8b0c454a1675560964a8.jpg</filename>
	<path>AMAL-RAGAB-ALSAMMAN-ALI-6-_jpg.rf.9fd12efa5c2d8b0c454a1675560964a8.jpg</path>
	<source>
		<database>roboflow.com</database>
	</source>
	<size>
		<width>416</width>
		<height>416</height>
		<depth>3</depth>
	</size>
	<segmented>0</segmented>
	<object>
		<name>Disc Relaxationrotation</name>
		<pose>Unspecified</pose>
		<truncated>0</truncated>
		<difficult>0</difficult>
		<occluded>0</occluded>
		<bndbox>
			<xmin>150</xmin>
			<xmax>203</xmax>
			<ymin>255</ymin>
			<ymax>281</ymax>
		</bndbox>
	</object>
</annotation>
