<annotation>
	<folder></folder>
	<filename>AMAL-RABEA-ALKELANY-IBRAHIM-SAKAR-1-_jpg.rf.2980f9fc0a25ce536363f5f8020b3b2c.jpg</filename>
	<path>AMAL-RABEA-ALKELANY-IBRAHIM-SAKAR-1-_jpg.rf.2980f9fc0a25ce536363f5f8020b3b2c.jpg</path>
	<source>
		<database>roboflow.com</database>
	</source>
	<size>
		<width>416</width>
		<height>416</height>
		<depth>3</depth>
	</size>
	<segmented>0</segmented>
	<object>
		<name>Disc Bulgerotation</name>
		<pose>Unspecified</pose>
		<truncated>0</truncated>
		<difficult>0</difficult>
		<occluded>0</occluded>
		<bndbox>
			<xmin>166</xmin>
			<xmax>222</xmax>
			<ymin>218</ymin>
			<ymax>237</ymax>
		</bndbox>
	</object>
	<object>
		<name>Disc Bulgerotation</name>
		<pose>Unspecified</pose>
		<truncated>0</truncated>
		<difficult>0</difficult>
		<occluded>0</occluded>
		<bndbox>
			<xmin>171</xmin>
			<xmax>230</xmax>
			<ymin>177</ymin>
			<ymax>204</ymax>
		</bndbox>
	</object>
	<object>
		<name>Disc Bulgerotation</name>
		<pose>Unspecified</pose>
		<truncated>0</truncated>
		<difficult>0</difficult>
		<occluded>0</occluded>
		<bndbox>
			<xmin>155</xmin>
			<xmax>212</xmax>
			<ymin>257</ymin>
			<ymax>280</ymax>
		</bndbox>
	</object>
	<object>
		<name>Disc Bulgerotation</name>
		<pose>Unspecified</pose>
		<truncated>0</truncated>
		<difficult>0</difficult>
		<occluded>0</occluded>
		<bndbox>
			<xmin>183</xmin>
			<xmax>235</xmax>
			<ymin>141</ymin>
			<ymax>166</ymax>
		</bndbox>
	</object>
</annotation>
