<annotation>
	<folder></folder>
	<filename>AMAL-RAGAB-ALSAMMAN-ALI-4-_jpg.rf.11ea3f9927f2e11827aa33cab048ad50.jpg</filename>
	<path>AMAL-RAGAB-ALSAMMAN-ALI-4-_jpg.rf.11ea3f9927f2e11827aa33cab048ad50.jpg</path>
	<source>
		<database>roboflow.com</database>
	</source>
	<size>
		<width>416</width>
		<height>416</height>
		<depth>3</depth>
	</size>
	<segmented>0</segmented>
	<object>
		<name>Disc Relaxationrotation</name>
		<pose>Unspecified</pose>
		<truncated>0</truncated>
		<difficult>0</difficult>
		<occluded>0</occluded>
		<bndbox>
			<xmin>153</xmin>
			<xmax>200</xmax>
			<ymin>256</ymin>
			<ymax>280</ymax>
		</bndbox>
	</object>
</annotation>
