<annotation>
	<folder></folder>
	<filename>AMAL-RAGAB-ALSAMMAN-ALI-2-_jpg.rf.4f84bf333936f257b5e1f58812acbb65.jpg</filename>
	<path>AMAL-RAGAB-ALSAMMAN-ALI-2-_jpg.rf.4f84bf333936f257b5e1f58812acbb65.jpg</path>
	<source>
		<database>roboflow.com</database>
	</source>
	<size>
		<width>416</width>
		<height>416</height>
		<depth>3</depth>
	</size>
	<segmented>0</segmented>
	<object>
		<name>Disc Relaxationrotation</name>
		<pose>Unspecified</pose>
		<truncated>0</truncated>
		<difficult>0</difficult>
		<occluded>0</occluded>
		<bndbox>
			<xmin>160</xmin>
			<xmax>215</xmax>
			<ymin>208</ymin>
			<ymax>233</ymax>
		</bndbox>
	</object>
</annotation>
