<annotation>
	<folder></folder>
	<filename>ASHRAF-SAYED-ABD-alal-BAKHEET-3-_jpg.rf.3d83966d69925dfe7668cb6d153d11f5.jpg</filename>
	<path>ASHRAF-SAYED-ABD-alal-BAKHEET-3-_jpg.rf.3d83966d69925dfe7668cb6d153d11f5.jpg</path>
	<source>
		<database>roboflow.com</database>
	</source>
	<size>
		<width>416</width>
		<height>416</height>
		<depth>3</depth>
	</size>
	<segmented>0</segmented>
	<object>
		<name>Disc Bulgerotation</name>
		<pose>Unspecified</pose>
		<truncated>0</truncated>
		<difficult>0</difficult>
		<occluded>0</occluded>
		<bndbox>
			<xmin>151</xmin>
			<xmax>213</xmax>
			<ymin>287</ymin>
			<ymax>315</ymax>
		</bndbox>
	</object>
	<object>
		<name>Disc Bulgerotation</name>
		<pose>Unspecified</pose>
		<truncated>0</truncated>
		<difficult>0</difficult>
		<occluded>0</occluded>
		<bndbox>
			<xmin>144</xmin>
			<xmax>206</xmax>
			<ymin>239</ymin>
			<ymax>266</ymax>
		</bndbox>
	</object>
</annotation>
