<annotation>
	<folder></folder>
	<filename>ASHRAF-SAYED-ABD-alal-BAKHEET-5-_jpg.rf.1dfb001400ebed23d90de742af2a0b51.jpg</filename>
	<path>ASHRAF-SAYED-ABD-alal-BAKHEET-5-_jpg.rf.1dfb001400ebed23d90de742af2a0b51.jpg</path>
	<source>
		<database>roboflow.com</database>
	</source>
	<size>
		<width>416</width>
		<height>416</height>
		<depth>3</depth>
	</size>
	<segmented>0</segmented>
	<object>
		<name>Disc Bulgerotation</name>
		<pose>Unspecified</pose>
		<truncated>0</truncated>
		<difficult>0</difficult>
		<occluded>0</occluded>
		<bndbox>
			<xmin>148</xmin>
			<xmax>210</xmax>
			<ymin>239</ymin>
			<ymax>266</ymax>
		</bndbox>
	</object>
	<object>
		<name>Disc Bulgerotation</name>
		<pose>Unspecified</pose>
		<truncated>0</truncated>
		<difficult>0</difficult>
		<occluded>0</occluded>
		<bndbox>
			<xmin>151</xmin>
			<xmax>213</xmax>
			<ymin>283</ymin>
			<ymax>311</ymax>
		</bndbox>
	</object>
</annotation>
