<annotation>
	<folder></folder>
	<filename>ASHRAF-SAYED-ABD-alal-BAKHEET-12-_jpg.rf.6f4ac25ac64b6423cefca97bb4fe7827.jpg</filename>
	<path>ASHRAF-SAYED-ABD-alal-BAKHEET-12-_jpg.rf.6f4ac25ac64b6423cefca97bb4fe7827.jpg</path>
	<source>
		<database>roboflow.com</database>
	</source>
	<size>
		<width>416</width>
		<height>416</height>
		<depth>3</depth>
	</size>
	<segmented>0</segmented>
	<object>
		<name>Disc Bulgerotation</name>
		<pose>Unspecified</pose>
		<truncated>0</truncated>
		<difficult>0</difficult>
		<occluded>0</occluded>
		<bndbox>
			<xmin>152</xmin>
			<xmax>211</xmax>
			<ymin>287</ymin>
			<ymax>322</ymax>
		</bndbox>
	</object>
	<object>
		<name>Disc Bulgerotation</name>
		<pose>Unspecified</pose>
		<truncated>0</truncated>
		<difficult>0</difficult>
		<occluded>0</occluded>
		<bndbox>
			<xmin>144</xmin>
			<xmax>205</xmax>
			<ymin>237</ymin>
			<ymax>267</ymax>
		</bndbox>
	</object>
</annotation>
