<annotation>
	<folder></folder>
	<filename>ASHRAF-SAYED-ABD-alal-BAKHEET-8-_jpg.rf.52fb26c22e483b0b9b3e6e33305c8db5.jpg</filename>
	<path>ASHRAF-SAYED-ABD-alal-BAKHEET-8-_jpg.rf.52fb26c22e483b0b9b3e6e33305c8db5.jpg</path>
	<source>
		<database>roboflow.com</database>
	</source>
	<size>
		<width>416</width>
		<height>416</height>
		<depth>3</depth>
	</size>
	<segmented>0</segmented>
	<object>
		<name>Disc Bulgerotation</name>
		<pose>Unspecified</pose>
		<truncated>0</truncated>
		<difficult>0</difficult>
		<occluded>0</occluded>
		<bndbox>
			<xmin>151</xmin>
			<xmax>209</xmax>
			<ymin>288</ymin>
			<ymax>323</ymax>
		</bndbox>
	</object>
	<object>
		<name>Disc Bulgerotation</name>
		<pose>Unspecified</pose>
		<truncated>0</truncated>
		<difficult>0</difficult>
		<occluded>0</occluded>
		<bndbox>
			<xmin>141</xmin>
			<xmax>204</xmax>
			<ymin>237</ymin>
			<ymax>269</ymax>
		</bndbox>
	</object>
</annotation>
