<annotation>
	<folder></folder>
	<filename>ASHRAF-SAYED-ABD-alal-BAKHEET-14-_jpg.rf.237a6ed7a80e842f459f0a3ee442a8a0.jpg</filename>
	<path>ASHRAF-SAYED-ABD-alal-BAKHEET-14-_jpg.rf.237a6ed7a80e842f459f0a3ee442a8a0.jpg</path>
	<source>
		<database>roboflow.com</database>
	</source>
	<size>
		<width>416</width>
		<height>416</height>
		<depth>3</depth>
	</size>
	<segmented>0</segmented>
	<object>
		<name>Disc Bulgerotation</name>
		<pose>Unspecified</pose>
		<truncated>0</truncated>
		<difficult>0</difficult>
		<occluded>0</occluded>
		<bndbox>
			<xmin>142</xmin>
			<xmax>204</xmax>
			<ymin>238</ymin>
			<ymax>265</ymax>
		</bndbox>
	</object>
	<object>
		<name>Disc Bulgerotation</name>
		<pose>Unspecified</pose>
		<truncated>0</truncated>
		<difficult>0</difficult>
		<occluded>0</occluded>
		<bndbox>
			<xmin>148</xmin>
			<xmax>209</xmax>
			<ymin>285</ymin>
			<ymax>321</ymax>
		</bndbox>
	</object>
</annotation>
