<annotation>
	<folder></folder>
	<filename>ASHRAF-SAYED-ABD-alal-BAKHEET-20-_jpg.rf.94a8585cfadbb15e1cbb20b8702be500.jpg</filename>
	<path>ASHRAF-SAYED-ABD-alal-BAKHEET-20-_jpg.rf.94a8585cfadbb15e1cbb20b8702be500.jpg</path>
	<source>
		<database>roboflow.com</database>
	</source>
	<size>
		<width>416</width>
		<height>416</height>
		<depth>3</depth>
	</size>
	<segmented>0</segmented>
	<object>
		<name>Disc Bulgerotation</name>
		<pose>Unspecified</pose>
		<truncated>0</truncated>
		<difficult>0</difficult>
		<occluded>0</occluded>
		<bndbox>
			<xmin>151</xmin>
			<xmax>209</xmax>
			<ymin>287</ymin>
			<ymax>325</ymax>
		</bndbox>
	</object>
	<object>
		<name>Disc Bulgerotation</name>
		<pose>Unspecified</pose>
		<truncated>0</truncated>
		<difficult>0</difficult>
		<occluded>0</occluded>
		<bndbox>
			<xmin>143</xmin>
			<xmax>206</xmax>
			<ymin>237</ymin>
			<ymax>267</ymax>
		</bndbox>
	</object>
</annotation>
