<annotation>
	<folder></folder>
	<filename>ASHRAF-SAYED-ABD-alal-BAKHEET-4-_jpg.rf.a25c4028fc011902db8ed02905dfb831.jpg</filename>
	<path>ASHRAF-SAYED-ABD-alal-BAKHEET-4-_jpg.rf.a25c4028fc011902db8ed02905dfb831.jpg</path>
	<source>
		<database>roboflow.com</database>
	</source>
	<size>
		<width>416</width>
		<height>416</height>
		<depth>3</depth>
	</size>
	<segmented>0</segmented>
	<object>
		<name>Disc Bulgerotation</name>
		<pose>Unspecified</pose>
		<truncated>0</truncated>
		<difficult>0</difficult>
		<occluded>0</occluded>
		<bndbox>
			<xmin>140</xmin>
			<xmax>202</xmax>
			<ymin>236</ymin>
			<ymax>267</ymax>
		</bndbox>
	</object>
	<object>
		<name>Disc Bulgerotation</name>
		<pose>Unspecified</pose>
		<truncated>0</truncated>
		<difficult>0</difficult>
		<occluded>0</occluded>
		<bndbox>
			<xmin>150</xmin>
			<xmax>204</xmax>
			<ymin>286</ymin>
			<ymax>325</ymax>
		</bndbox>
	</object>
</annotation>
