<annotation>
	<folder></folder>
	<filename>ASHRAF-SAYED-ABD-alal-BAKHEET-1-_jpg.rf.31d481016a15e9b6771683b91d6f8277.jpg</filename>
	<path>ASHRAF-SAYED-ABD-alal-BAKHEET-1-_jpg.rf.31d481016a15e9b6771683b91d6f8277.jpg</path>
	<source>
		<database>roboflow.com</database>
	</source>
	<size>
		<width>416</width>
		<height>416</height>
		<depth>3</depth>
	</size>
	<segmented>0</segmented>
	<object>
		<name>Disc Bulgerotation</name>
		<pose>Unspecified</pose>
		<truncated>0</truncated>
		<difficult>0</difficult>
		<occluded>0</occluded>
		<bndbox>
			<xmin>141</xmin>
			<xmax>204</xmax>
			<ymin>238</ymin>
			<ymax>265</ymax>
		</bndbox>
	</object>
	<object>
		<name>Disc Bulgerotation</name>
		<pose>Unspecified</pose>
		<truncated>0</truncated>
		<difficult>0</difficult>
		<occluded>0</occluded>
		<bndbox>
			<xmin>147</xmin>
			<xmax>211</xmax>
			<ymin>287</ymin>
			<ymax>315</ymax>
		</bndbox>
	</object>
</annotation>
