<annotation>
	<folder></folder>
	<filename>ASHRAF-SAYED-ABD-alal-BAKHEET-16-_jpg.rf.bd2fae16446e146e69d65b6e065ac1b9.jpg</filename>
	<path>ASHRAF-SAYED-ABD-alal-BAKHEET-16-_jpg.rf.bd2fae16446e146e69d65b6e065ac1b9.jpg</path>
	<source>
		<database>roboflow.com</database>
	</source>
	<size>
		<width>416</width>
		<height>416</height>
		<depth>3</depth>
	</size>
	<segmented>0</segmented>
	<object>
		<name>Disc Bulgerotation</name>
		<pose>Unspecified</pose>
		<truncated>0</truncated>
		<difficult>0</difficult>
		<occluded>0</occluded>
		<bndbox>
			<xmin>147</xmin>
			<xmax>209</xmax>
			<ymin>287</ymin>
			<ymax>324</ymax>
		</bndbox>
	</object>
	<object>
		<name>Disc Bulgerotation</name>
		<pose>Unspecified</pose>
		<truncated>0</truncated>
		<difficult>0</difficult>
		<occluded>0</occluded>
		<bndbox>
			<xmin>145</xmin>
			<xmax>207</xmax>
			<ymin>238</ymin>
			<ymax>265</ymax>
		</bndbox>
	</object>
</annotation>
