<annotation>
	<folder></folder>
	<filename>ASHRAF-SAYED-ABD-alal-BAKHEET-7-_jpg.rf.e9507c3dd9eddce7b23de3e421b0b08f.jpg</filename>
	<path>ASHRAF-SAYED-ABD-alal-BAKHEET-7-_jpg.rf.e9507c3dd9eddce7b23de3e421b0b08f.jpg</path>
	<source>
		<database>roboflow.com</database>
	</source>
	<size>
		<width>416</width>
		<height>416</height>
		<depth>3</depth>
	</size>
	<segmented>0</segmented>
	<object>
		<name>Disc Bulgerotation</name>
		<pose>Unspecified</pose>
		<truncated>0</truncated>
		<difficult>0</difficult>
		<occluded>0</occluded>
		<bndbox>
			<xmin>142</xmin>
			<xmax>205</xmax>
			<ymin>237</ymin>
			<ymax>264</ymax>
		</bndbox>
	</object>
	<object>
		<name>Disc Bulgerotation</name>
		<pose>Unspecified</pose>
		<truncated>0</truncated>
		<difficult>0</difficult>
		<occluded>0</occluded>
		<bndbox>
			<xmin>153</xmin>
			<xmax>214</xmax>
			<ymin>286</ymin>
			<ymax>323</ymax>
		</bndbox>
	</object>
</annotation>
