<annotation>
	<folder></folder>
	<filename>ASHRAF-SAYED-ABD-alal-BAKHEET-15-_jpg.rf.a36a1c077e0ff866c1a7fbb8fa0d05fa.jpg</filename>
	<path>ASHRAF-SAYED-ABD-alal-BAKHEET-15-_jpg.rf.a36a1c077e0ff866c1a7fbb8fa0d05fa.jpg</path>
	<source>
		<database>roboflow.com</database>
	</source>
	<size>
		<width>416</width>
		<height>416</height>
		<depth>3</depth>
	</size>
	<segmented>0</segmented>
	<object>
		<name>Disc Bulgerotation</name>
		<pose>Unspecified</pose>
		<truncated>0</truncated>
		<difficult>0</difficult>
		<occluded>0</occluded>
		<bndbox>
			<xmin>150</xmin>
			<xmax>211</xmax>
			<ymin>286</ymin>
			<ymax>314</ymax>
		</bndbox>
	</object>
	<object>
		<name>Disc Bulgerotation</name>
		<pose>Unspecified</pose>
		<truncated>0</truncated>
		<difficult>0</difficult>
		<occluded>0</occluded>
		<bndbox>
			<xmin>148</xmin>
			<xmax>211</xmax>
			<ymin>236</ymin>
			<ymax>263</ymax>
		</bndbox>
	</object>
</annotation>
