<annotation>
	<folder></folder>
	<filename>ASHRAF-SAYED-ABD-alal-BAKHEET-18-_jpg.rf.1453f463d709788f81b87cd9de17f559.jpg</filename>
	<path>ASHRAF-SAYED-ABD-alal-BAKHEET-18-_jpg.rf.1453f463d709788f81b87cd9de17f559.jpg</path>
	<source>
		<database>roboflow.com</database>
	</source>
	<size>
		<width>416</width>
		<height>416</height>
		<depth>3</depth>
	</size>
	<segmented>0</segmented>
	<object>
		<name>Disc Bulgerotation</name>
		<pose>Unspecified</pose>
		<truncated>0</truncated>
		<difficult>0</difficult>
		<occluded>0</occluded>
		<bndbox>
			<xmin>142</xmin>
			<xmax>204</xmax>
			<ymin>240</ymin>
			<ymax>267</ymax>
		</bndbox>
	</object>
	<object>
		<name>Disc Bulgerotation</name>
		<pose>Unspecified</pose>
		<truncated>0</truncated>
		<difficult>0</difficult>
		<occluded>0</occluded>
		<bndbox>
			<xmin>149</xmin>
			<xmax>207</xmax>
			<ymin>292</ymin>
			<ymax>319</ymax>
		</bndbox>
	</object>
</annotation>
