<annotation>
	<folder></folder>
	<filename>ASHRAF-SAYED-ABD-alal-BAKHEET-6-_jpg.rf.77d136859b03e4fac7d696341c828765.jpg</filename>
	<path>ASHRAF-SAYED-ABD-alal-BAKHEET-6-_jpg.rf.77d136859b03e4fac7d696341c828765.jpg</path>
	<source>
		<database>roboflow.com</database>
	</source>
	<size>
		<width>416</width>
		<height>416</height>
		<depth>3</depth>
	</size>
	<segmented>0</segmented>
	<object>
		<name>Disc Bulgerotation</name>
		<pose>Unspecified</pose>
		<truncated>0</truncated>
		<difficult>0</difficult>
		<occluded>0</occluded>
		<bndbox>
			<xmin>149</xmin>
			<xmax>210</xmax>
			<ymin>288</ymin>
			<ymax>320</ymax>
		</bndbox>
	</object>
	<object>
		<name>Disc Bulgerotation</name>
		<pose>Unspecified</pose>
		<truncated>0</truncated>
		<difficult>0</difficult>
		<occluded>0</occluded>
		<bndbox>
			<xmin>142</xmin>
			<xmax>205</xmax>
			<ymin>236</ymin>
			<ymax>267</ymax>
		</bndbox>
	</object>
</annotation>
