<annotation>
	<folder></folder>
	<filename>ASHRAF-SAYED-ABD-alal-BAKHEET-11-_jpg.rf.77cee6149591772dfcd3ac190f2dc24c.jpg</filename>
	<path>ASHRAF-SAYED-ABD-alal-BAKHEET-11-_jpg.rf.77cee6149591772dfcd3ac190f2dc24c.jpg</path>
	<source>
		<database>roboflow.com</database>
	</source>
	<size>
		<width>416</width>
		<height>416</height>
		<depth>3</depth>
	</size>
	<segmented>0</segmented>
	<object>
		<name>Disc Bulgerotation</name>
		<pose>Unspecified</pose>
		<truncated>0</truncated>
		<difficult>0</difficult>
		<occluded>0</occluded>
		<bndbox>
			<xmin>148</xmin>
			<xmax>209</xmax>
			<ymin>287</ymin>
			<ymax>324</ymax>
		</bndbox>
	</object>
	<object>
		<name>Disc Bulgerotation</name>
		<pose>Unspecified</pose>
		<truncated>0</truncated>
		<difficult>0</difficult>
		<occluded>0</occluded>
		<bndbox>
			<xmin>141</xmin>
			<xmax>207</xmax>
			<ymin>237</ymin>
			<ymax>270</ymax>
		</bndbox>
	</object>
</annotation>
