<annotation>
	<folder></folder>
	<filename>ASHRAF-SAYED-ABD-alal-BAKHEET-9-_jpg.rf.0aa06884efc8cf9f78fa4bd1db378646.jpg</filename>
	<path>ASHRAF-SAYED-ABD-alal-BAKHEET-9-_jpg.rf.0aa06884efc8cf9f78fa4bd1db378646.jpg</path>
	<source>
		<database>roboflow.com</database>
	</source>
	<size>
		<width>416</width>
		<height>416</height>
		<depth>3</depth>
	</size>
	<segmented>0</segmented>
	<object>
		<name>Disc Bulgerotation</name>
		<pose>Unspecified</pose>
		<truncated>0</truncated>
		<difficult>0</difficult>
		<occluded>0</occluded>
		<bndbox>
			<xmin>139</xmin>
			<xmax>205</xmax>
			<ymin>237</ymin>
			<ymax>264</ymax>
		</bndbox>
	</object>
	<object>
		<name>Disc Bulgerotation</name>
		<pose>Unspecified</pose>
		<truncated>0</truncated>
		<difficult>0</difficult>
		<occluded>0</occluded>
		<bndbox>
			<xmin>148</xmin>
			<xmax>209</xmax>
			<ymin>286</ymin>
			<ymax>321</ymax>
		</bndbox>
	</object>
</annotation>
