<annotation>
	<folder></folder>
	<filename>AYMAN-HESSIEN-ABD-alal-ABD-alal-9-_jpg.rf.d5b5ad4c1d1f0e3615d439cf11347907.jpg</filename>
	<path>AYMAN-HESSIEN-ABD-alal-ABD-alal-9-_jpg.rf.d5b5ad4c1d1f0e3615d439cf11347907.jpg</path>
	<source>
		<database>roboflow.com</database>
	</source>
	<size>
		<width>416</width>
		<height>416</height>
		<depth>3</depth>
	</size>
	<segmented>0</segmented>
	<object>
		<name>Disc Bulgerotation</name>
		<pose>Unspecified</pose>
		<truncated>0</truncated>
		<difficult>0</difficult>
		<occluded>0</occluded>
		<bndbox>
			<xmin>153</xmin>
			<xmax>217</xmax>
			<ymin>240</ymin>
			<ymax>264</ymax>
		</bndbox>
	</object>
	<object>
		<name>Disc Relaxationrotation</name>
		<pose>Unspecified</pose>
		<truncated>0</truncated>
		<difficult>0</difficult>
		<occluded>0</occluded>
		<bndbox>
			<xmin>147</xmin>
			<xmax>213</xmax>
			<ymin>195</ymin>
			<ymax>223</ymax>
		</bndbox>
	</object>
	<object>
		<name>Degenerative Disc Diseaserotation</name>
		<pose>Unspecified</pose>
		<truncated>0</truncated>
		<difficult>0</difficult>
		<occluded>0</occluded>
		<bndbox>
			<xmin>153</xmin>
			<xmax>220</xmax>
			<ymin>239</ymin>
			<ymax>264</ymax>
		</bndbox>
	</object>
	<object>
		<name>Degenerative Disc Diseaserotation</name>
		<pose>Unspecified</pose>
		<truncated>0</truncated>
		<difficult>0</difficult>
		<occluded>0</occluded>
		<bndbox>
			<xmin>162</xmin>
			<xmax>225</xmax>
			<ymin>283</ymin>
			<ymax>307</ymax>
		</bndbox>
	</object>
</annotation>
