<annotation>
	<folder></folder>
	<filename>AYMAN-HESSIEN-ABD-alal-ABD-alal-11-_jpg.rf.f5fc4e2eed2e960dd9519f056540a1c0.jpg</filename>
	<path>AYMAN-HESSIEN-ABD-alal-ABD-alal-11-_jpg.rf.f5fc4e2eed2e960dd9519f056540a1c0.jpg</path>
	<source>
		<database>roboflow.com</database>
	</source>
	<size>
		<width>416</width>
		<height>416</height>
		<depth>3</depth>
	</size>
	<segmented>0</segmented>
	<object>
		<name>Disc Relaxationrotation</name>
		<pose>Unspecified</pose>
		<truncated>0</truncated>
		<difficult>0</difficult>
		<occluded>0</occluded>
		<bndbox>
			<xmin>148</xmin>
			<xmax>211</xmax>
			<ymin>195</ymin>
			<ymax>223</ymax>
		</bndbox>
	</object>
	<object>
		<name>Degenerative Disc Diseaserotation</name>
		<pose>Unspecified</pose>
		<truncated>0</truncated>
		<difficult>0</difficult>
		<occluded>0</occluded>
		<bndbox>
			<xmin>165</xmin>
			<xmax>220</xmax>
			<ymin>282</ymin>
			<ymax>307</ymax>
		</bndbox>
	</object>
	<object>
		<name>Degenerative Disc Diseaserotation</name>
		<pose>Unspecified</pose>
		<truncated>0</truncated>
		<difficult>0</difficult>
		<occluded>0</occluded>
		<bndbox>
			<xmin>156</xmin>
			<xmax>218</xmax>
			<ymin>238</ymin>
			<ymax>263</ymax>
		</bndbox>
	</object>
	<object>
		<name>Disc Bulgerotation</name>
		<pose>Unspecified</pose>
		<truncated>0</truncated>
		<difficult>0</difficult>
		<occluded>0</occluded>
		<bndbox>
			<xmin>156</xmin>
			<xmax>220</xmax>
			<ymin>239</ymin>
			<ymax>264</ymax>
		</bndbox>
	</object>
</annotation>
