<annotation>
	<folder></folder>
	<filename>AYMAN-HESSIEN-ABD-alal-ABD-alal-10-_jpg.rf.7929f152c14342206633ae2e8122683d.jpg</filename>
	<path>AYMAN-HESSIEN-ABD-alal-ABD-alal-10-_jpg.rf.7929f152c14342206633ae2e8122683d.jpg</path>
	<source>
		<database>roboflow.com</database>
	</source>
	<size>
		<width>416</width>
		<height>416</height>
		<depth>3</depth>
	</size>
	<segmented>0</segmented>
	<object>
		<name>Disc Bulgerotation</name>
		<pose>Unspecified</pose>
		<truncated>0</truncated>
		<difficult>0</difficult>
		<occluded>0</occluded>
		<bndbox>
			<xmin>149</xmin>
			<xmax>216</xmax>
			<ymin>237</ymin>
			<ymax>265</ymax>
		</bndbox>
	</object>
	<object>
		<name>Degenerative Disc Diseaserotation</name>
		<pose>Unspecified</pose>
		<truncated>0</truncated>
		<difficult>0</difficult>
		<occluded>0</occluded>
		<bndbox>
			<xmin>159</xmin>
			<xmax>224</xmax>
			<ymin>281</ymin>
			<ymax>307</ymax>
		</bndbox>
	</object>
	<object>
		<name>Disc Relaxationrotation</name>
		<pose>Unspecified</pose>
		<truncated>0</truncated>
		<difficult>0</difficult>
		<occluded>0</occluded>
		<bndbox>
			<xmin>146</xmin>
			<xmax>211</xmax>
			<ymin>194</ymin>
			<ymax>224</ymax>
		</bndbox>
	</object>
	<object>
		<name>Degenerative Disc Diseaserotation</name>
		<pose>Unspecified</pose>
		<truncated>0</truncated>
		<difficult>0</difficult>
		<occluded>0</occluded>
		<bndbox>
			<xmin>152</xmin>
			<xmax>216</xmax>
			<ymin>240</ymin>
			<ymax>264</ymax>
		</bndbox>
	</object>
</annotation>
