<annotation>
	<folder></folder>
	<filename>AYMAN-HESSIEN-ABD-alal-ABD-alal-1-_jpg.rf.fbe019c11d4f23620bf6d93c8cddc1b0.jpg</filename>
	<path>AYMAN-HESSIEN-ABD-alal-ABD-alal-1-_jpg.rf.fbe019c11d4f23620bf6d93c8cddc1b0.jpg</path>
	<source>
		<database>roboflow.com</database>
	</source>
	<size>
		<width>416</width>
		<height>416</height>
		<depth>3</depth>
	</size>
	<segmented>0</segmented>
	<object>
		<name>Degenerative Disc Diseaserotation</name>
		<pose>Unspecified</pose>
		<truncated>0</truncated>
		<difficult>0</difficult>
		<occluded>0</occluded>
		<bndbox>
			<xmin>167</xmin>
			<xmax>222</xmax>
			<ymin>278</ymin>
			<ymax>308</ymax>
		</bndbox>
	</object>
	<object>
		<name>Disc Bulgerotation</name>
		<pose>Unspecified</pose>
		<truncated>0</truncated>
		<difficult>0</difficult>
		<occluded>0</occluded>
		<bndbox>
			<xmin>150</xmin>
			<xmax>214</xmax>
			<ymin>241</ymin>
			<ymax>265</ymax>
		</bndbox>
	</object>
	<object>
		<name>Degenerative Disc Diseaserotation</name>
		<pose>Unspecified</pose>
		<truncated>0</truncated>
		<difficult>0</difficult>
		<occluded>0</occluded>
		<bndbox>
			<xmin>150</xmin>
			<xmax>218</xmax>
			<ymin>238</ymin>
			<ymax>262</ymax>
		</bndbox>
	</object>
	<object>
		<name>Disc Relaxationrotation</name>
		<pose>Unspecified</pose>
		<truncated>0</truncated>
		<difficult>0</difficult>
		<occluded>0</occluded>
		<bndbox>
			<xmin>150</xmin>
			<xmax>210</xmax>
			<ymin>195</ymin>
			<ymax>223</ymax>
		</bndbox>
	</object>
</annotation>
