<annotation>
	<folder></folder>
	<filename>BAYAN-RASHEAD-AMR-5-_jpg.rf.f55d74f8a3bf0098905366dee99ddc8b.jpg</filename>
	<path>BAYAN-RASHEAD-AMR-5-_jpg.rf.f55d74f8a3bf0098905366dee99ddc8b.jpg</path>
	<source>
		<database>roboflow.com</database>
	</source>
	<size>
		<width>416</width>
		<height>416</height>
		<depth>3</depth>
	</size>
	<segmented>0</segmented>
	<object>
		<name>Degenerative Disc Diseaserotation</name>
		<pose>Unspecified</pose>
		<truncated>0</truncated>
		<difficult>0</difficult>
		<occluded>0</occluded>
		<bndbox>
			<xmin>156</xmin>
			<xmax>209</xmax>
			<ymin>218</ymin>
			<ymax>239</ymax>
		</bndbox>
	</object>
</annotation>
