<annotation>
	<folder></folder>
	<filename>BAYAN-RASHEAD-AMR-2-_jpg.rf.549a51dbd8d5436c7ba9033e792fc53b.jpg</filename>
	<path>BAYAN-RASHEAD-AMR-2-_jpg.rf.549a51dbd8d5436c7ba9033e792fc53b.jpg</path>
	<source>
		<database>roboflow.com</database>
	</source>
	<size>
		<width>416</width>
		<height>416</height>
		<depth>3</depth>
	</size>
	<segmented>0</segmented>
	<object>
		<name>Degenerative Disc Diseaserotation</name>
		<pose>Unspecified</pose>
		<truncated>0</truncated>
		<difficult>0</difficult>
		<occluded>0</occluded>
		<bndbox>
			<xmin>155</xmin>
			<xmax>206</xmax>
			<ymin>219</ymin>
			<ymax>243</ymax>
		</bndbox>
	</object>
</annotation>
