<annotation>
	<folder></folder>
	<filename>BAYAN-RASHEAD-AMR-1-_jpg.rf.4b4f60182e9dbeb1b246ef50c6220205.jpg</filename>
	<path>BAYAN-RASHEAD-AMR-1-_jpg.rf.4b4f60182e9dbeb1b246ef50c6220205.jpg</path>
	<source>
		<database>roboflow.com</database>
	</source>
	<size>
		<width>416</width>
		<height>416</height>
		<depth>3</depth>
	</size>
	<segmented>0</segmented>
	<object>
		<name>Degenerative Disc Diseaserotation</name>
		<pose>Unspecified</pose>
		<truncated>0</truncated>
		<difficult>0</difficult>
		<occluded>0</occluded>
		<bndbox>
			<xmin>151</xmin>
			<xmax>206</xmax>
			<ymin>218</ymin>
			<ymax>242</ymax>
		</bndbox>
	</object>
</annotation>
