<annotation>
	<folder></folder>
	<filename>BAYAN-RASHEAD-AMR-4-_jpg.rf.5016285520c1267eee77a0c682ed5c19.jpg</filename>
	<path>BAYAN-RASHEAD-AMR-4-_jpg.rf.5016285520c1267eee77a0c682ed5c19.jpg</path>
	<source>
		<database>roboflow.com</database>
	</source>
	<size>
		<width>416</width>
		<height>416</height>
		<depth>3</depth>
	</size>
	<segmented>0</segmented>
	<object>
		<name>Degenerative Disc Diseaserotation</name>
		<pose>Unspecified</pose>
		<truncated>0</truncated>
		<difficult>0</difficult>
		<occluded>0</occluded>
		<bndbox>
			<xmin>156</xmin>
			<xmax>207</xmax>
			<ymin>220</ymin>
			<ymax>241</ymax>
		</bndbox>
	</object>
</annotation>
