<annotation>
	<folder></folder>
	<filename>CervicalDegenerativeDiscDisease-Unknown12--6-_jpg.rf.06dc1aa9f6babe05b8301faf26681a73.jpg</filename>
	<path>CervicalDegenerativeDiscDisease-Unknown12--6-_jpg.rf.06dc1aa9f6babe05b8301faf26681a73.jpg</path>
	<source>
		<database>roboflow.com</database>
	</source>
	<size>
		<width>416</width>
		<height>416</height>
		<depth>3</depth>
	</size>
	<segmented>0</segmented>
	<object>
		<name>Degenerative Disc Diseaserotation</name>
		<pose>Unspecified</pose>
		<truncated>0</truncated>
		<difficult>0</difficult>
		<occluded>0</occluded>
		<bndbox>
			<xmin>144</xmin>
			<xmax>173</xmax>
			<ymin>229</ymin>
			<ymax>241</ymax>
		</bndbox>
	</object>
</annotation>
