<annotation>
	<folder></folder>
	<filename>CervicalDiffuseDiscBulges-Unknown1--10-_jpg.rf.f8e778013d854c981e6f7c9a9bd6952c.jpg</filename>
	<path>CervicalDiffuseDiscBulges-Unknown1--10-_jpg.rf.f8e778013d854c981e6f7c9a9bd6952c.jpg</path>
	<source>
		<database>roboflow.com</database>
	</source>
	<size>
		<width>416</width>
		<height>416</height>
		<depth>3</depth>
	</size>
	<segmented>0</segmented>
	<object>
		<name>Disc Bulgerotation</name>
		<pose>Unspecified</pose>
		<truncated>0</truncated>
		<difficult>0</difficult>
		<occluded>0</occluded>
		<bndbox>
			<xmin>165</xmin>
			<xmax>190</xmax>
			<ymin>266</ymin>
			<ymax>279</ymax>
		</bndbox>
	</object>
	<object>
		<name>Disc Bulgerotation</name>
		<pose>Unspecified</pose>
		<truncated>0</truncated>
		<difficult>0</difficult>
		<occluded>0</occluded>
		<bndbox>
			<xmin>172</xmin>
			<xmax>198</xmax>
			<ymin>291</ymin>
			<ymax>304</ymax>
		</bndbox>
	</object>
	<object>
		<name>Disc Bulgerotation</name>
		<pose>Unspecified</pose>
		<truncated>0</truncated>
		<difficult>0</difficult>
		<occluded>0</occluded>
		<bndbox>
			<xmin>162</xmin>
			<xmax>187</xmax>
			<ymin>244</ymin>
			<ymax>257</ymax>
		</bndbox>
	</object>
</annotation>
