<annotation>
	<folder></folder>
	<filename>CervicalDegenerativeDiscDisease-Unknown5--5-_jpg.rf.4985ecdcff0e1bfe852d61870d5529cf.jpg</filename>
	<path>CervicalDegenerativeDiscDisease-Unknown5--5-_jpg.rf.4985ecdcff0e1bfe852d61870d5529cf.jpg</path>
	<source>
		<database>roboflow.com</database>
	</source>
	<size>
		<width>416</width>
		<height>416</height>
		<depth>3</depth>
	</size>
	<segmented>0</segmented>
	<object>
		<name>Disc Bulgerotation</name>
		<pose>Unspecified</pose>
		<truncated>0</truncated>
		<difficult>0</difficult>
		<occluded>0</occluded>
		<bndbox>
			<xmin>183</xmin>
			<xmax>213</xmax>
			<ymin>257</ymin>
			<ymax>277</ymax>
		</bndbox>
	</object>
</annotation>
