<annotation>
	<folder></folder>
	<filename>CervicalMultilevelDegenerativeDiscDisease-MAGDA-AHMAD-ALSAYED--4-_jpg.rf.5beef3e6d8286f7324d454718ab972ab.jpg</filename>
	<path>CervicalMultilevelDegenerativeDiscDisease-MAGDA-AHMAD-ALSAYED--4-_jpg.rf.5beef3e6d8286f7324d454718ab972ab.jpg</path>
	<source>
		<database>roboflow.com</database>
	</source>
	<size>
		<width>416</width>
		<height>416</height>
		<depth>3</depth>
	</size>
	<segmented>0</segmented>
	<object>
		<name>Disc Bulgerotation</name>
		<pose>Unspecified</pose>
		<truncated>0</truncated>
		<difficult>0</difficult>
		<occluded>0</occluded>
		<bndbox>
			<xmin>186</xmin>
			<xmax>225</xmax>
			<ymin>204</ymin>
			<ymax>218</ymax>
		</bndbox>
	</object>
	<object>
		<name>Disc Bulgerotation</name>
		<pose>Unspecified</pose>
		<truncated>0</truncated>
		<difficult>0</difficult>
		<occluded>0</occluded>
		<bndbox>
			<xmin>177</xmin>
			<xmax>209</xmax>
			<ymin>143</ymin>
			<ymax>159</ymax>
		</bndbox>
	</object>
	<object>
		<name>Disc Bulgerotation</name>
		<pose>Unspecified</pose>
		<truncated>0</truncated>
		<difficult>0</difficult>
		<occluded>0</occluded>
		<bndbox>
			<xmin>185</xmin>
			<xmax>220</xmax>
			<ymin>173</ymin>
			<ymax>189</ymax>
		</bndbox>
	</object>
	<object>
		<name>Disc Protrusionrotation</name>
		<pose>Unspecified</pose>
		<truncated>0</truncated>
		<difficult>0</difficult>
		<occluded>0</occluded>
		<bndbox>
			<xmin>186</xmin>
			<xmax>225</xmax>
			<ymin>204</ymin>
			<ymax>218</ymax>
		</bndbox>
	</object>
</annotation>
