<annotation>
	<folder></folder>
	<filename>CervicalSpondylodegenerativeChanges-DOAA-HAMDE-ABD-AL-AZIZ-ALSAYED--20-_jpg.rf.1d6e24c032a213569886cb11616b7016.jpg</filename>
	<path>CervicalSpondylodegenerativeChanges-DOAA-HAMDE-ABD-AL-AZIZ-ALSAYED--20-_jpg.rf.1d6e24c032a213569886cb11616b7016.jpg</path>
	<source>
		<database>roboflow.com</database>
	</source>
	<size>
		<width>416</width>
		<height>416</height>
		<depth>3</depth>
	</size>
	<segmented>0</segmented>
	<object>
		<name>Disc Bulgerotation</name>
		<pose>Unspecified</pose>
		<truncated>0</truncated>
		<difficult>0</difficult>
		<occluded>0</occluded>
		<bndbox>
			<xmin>207</xmin>
			<xmax>238</xmax>
			<ymin>251</ymin>
			<ymax>266</ymax>
		</bndbox>
	</object>
	<object>
		<name>Disc Bulgerotation</name>
		<pose>Unspecified</pose>
		<truncated>0</truncated>
		<difficult>0</difficult>
		<occluded>0</occluded>
		<bndbox>
			<xmin>188</xmin>
			<xmax>217</xmax>
			<ymin>205</ymin>
			<ymax>221</ymax>
		</bndbox>
	</object>
	<object>
		<name>Disc Bulgerotation</name>
		<pose>Unspecified</pose>
		<truncated>0</truncated>
		<difficult>0</difficult>
		<occluded>0</occluded>
		<bndbox>
			<xmin>200</xmin>
			<xmax>229</xmax>
			<ymin>229</ymin>
			<ymax>244</ymax>
		</bndbox>
	</object>
</annotation>
