<annotation>
	<folder></folder>
	<filename>CervicalMultilevelDegenerativeDiscDisease-MONA-IBRAHIM-KHAMES-KHALAL--6-_jpg.rf.7aac286a9682ec8fef56b9366132b8ed.jpg</filename>
	<path>CervicalMultilevelDegenerativeDiscDisease-MONA-IBRAHIM-KHAMES-KHALAL--6-_jpg.rf.7aac286a9682ec8fef56b9366132b8ed.jpg</path>
	<source>
		<database>roboflow.com</database>
	</source>
	<size>
		<width>416</width>
		<height>416</height>
		<depth>3</depth>
	</size>
	<segmented>0</segmented>
	<object>
		<name>Disc Protrusionrotation</name>
		<pose>Unspecified</pose>
		<truncated>0</truncated>
		<difficult>0</difficult>
		<occluded>0</occluded>
		<bndbox>
			<xmin>181</xmin>
			<xmax>222</xmax>
			<ymin>189</ymin>
			<ymax>207</ymax>
		</bndbox>
	</object>
	<object>
		<name>Disc Protrusionrotation</name>
		<pose>Unspecified</pose>
		<truncated>0</truncated>
		<difficult>0</difficult>
		<occluded>0</occluded>
		<bndbox>
			<xmin>197</xmin>
			<xmax>239</xmax>
			<ymin>285</ymin>
			<ymax>303</ymax>
		</bndbox>
	</object>
	<object>
		<name>Disc Protrusionrotation</name>
		<pose>Unspecified</pose>
		<truncated>0</truncated>
		<difficult>0</difficult>
		<occluded>0</occluded>
		<bndbox>
			<xmin>189</xmin>
			<xmax>231</xmax>
			<ymin>255</ymin>
			<ymax>273</ymax>
		</bndbox>
	</object>
</annotation>
