<annotation>
	<folder></folder>
	<filename>CervicalDegenerativeDiscDisease-Unknown5--24-_jpg.rf.f9e726fec01ce78a224e67c4f467ece4.jpg</filename>
	<path>CervicalDegenerativeDiscDisease-Unknown5--24-_jpg.rf.f9e726fec01ce78a224e67c4f467ece4.jpg</path>
	<source>
		<database>roboflow.com</database>
	</source>
	<size>
		<width>416</width>
		<height>416</height>
		<depth>3</depth>
	</size>
	<segmented>0</segmented>
	<object>
		<name>Disc Bulgerotation</name>
		<pose>Unspecified</pose>
		<truncated>0</truncated>
		<difficult>0</difficult>
		<occluded>0</occluded>
		<bndbox>
			<xmin>187</xmin>
			<xmax>214</xmax>
			<ymin>258</ymin>
			<ymax>276</ymax>
		</bndbox>
	</object>
</annotation>
