<annotation>
	<folder></folder>
	<filename>CervicalDegenerativeDiscDisease-EMAD-ABD-alhkm-ABD-ALHAKIM--7-_jpg.rf.160c90b5503cb89fc339726c01c7fde7.jpg</filename>
	<path>CervicalDegenerativeDiscDisease-EMAD-ABD-alhkm-ABD-ALHAKIM--7-_jpg.rf.160c90b5503cb89fc339726c01c7fde7.jpg</path>
	<source>
		<database>roboflow.com</database>
	</source>
	<size>
		<width>416</width>
		<height>416</height>
		<depth>3</depth>
	</size>
	<segmented>0</segmented>
	<object>
		<name>Disc Bulgerotation</name>
		<pose>Unspecified</pose>
		<truncated>0</truncated>
		<difficult>0</difficult>
		<occluded>0</occluded>
		<bndbox>
			<xmin>165</xmin>
			<xmax>198</xmax>
			<ymin>202</ymin>
			<ymax>221</ymax>
		</bndbox>
	</object>
	<object>
		<name>Disc Bulgerotation</name>
		<pose>Unspecified</pose>
		<truncated>0</truncated>
		<difficult>0</difficult>
		<occluded>0</occluded>
		<bndbox>
			<xmin>175</xmin>
			<xmax>214</xmax>
			<ymin>267</ymin>
			<ymax>286</ymax>
		</bndbox>
	</object>
</annotation>
