<annotation>
	<folder></folder>
	<filename>CervicalDiffuseDiscBulges-Unknown8--73-_jpg.rf.5adc74631bda4588e7c5c4f069662936.jpg</filename>
	<path>CervicalDiffuseDiscBulges-Unknown8--73-_jpg.rf.5adc74631bda4588e7c5c4f069662936.jpg</path>
	<source>
		<database>roboflow.com</database>
	</source>
	<size>
		<width>416</width>
		<height>416</height>
		<depth>3</depth>
	</size>
	<segmented>0</segmented>
	<object>
		<name>Disc Bulgerotation</name>
		<pose>Unspecified</pose>
		<truncated>0</truncated>
		<difficult>0</difficult>
		<occluded>0</occluded>
		<bndbox>
			<xmin>148</xmin>
			<xmax>183</xmax>
			<ymin>173</ymin>
			<ymax>189</ymax>
		</bndbox>
	</object>
	<object>
		<name>Disc Bulgerotation</name>
		<pose>Unspecified</pose>
		<truncated>0</truncated>
		<difficult>0</difficult>
		<occluded>0</occluded>
		<bndbox>
			<xmin>153</xmin>
			<xmax>187</xmax>
			<ymin>195</ymin>
			<ymax>213</ymax>
		</bndbox>
	</object>
	<object>
		<name>Disc Bulgerotation</name>
		<pose>Unspecified</pose>
		<truncated>0</truncated>
		<difficult>0</difficult>
		<occluded>0</occluded>
		<bndbox>
			<xmin>160</xmin>
			<xmax>190</xmax>
			<ymin>222</ymin>
			<ymax>237</ymax>
		</bndbox>
	</object>
</annotation>
