<annotation>
	<folder></folder>
	<filename>CervicalSpondylodegenerativeChanges-SAMMAH-MOSTAFA-KAMEL-MOHAMED--13-_jpg.rf.185fe994d9caa1d737cb3226a172c185.jpg</filename>
	<path>CervicalSpondylodegenerativeChanges-SAMMAH-MOSTAFA-KAMEL-MOHAMED--13-_jpg.rf.185fe994d9caa1d737cb3226a172c185.jpg</path>
	<source>
		<database>roboflow.com</database>
	</source>
	<size>
		<width>416</width>
		<height>416</height>
		<depth>3</depth>
	</size>
	<segmented>0</segmented>
	<object>
		<name>Disc Protrusionrotation</name>
		<pose>Unspecified</pose>
		<truncated>0</truncated>
		<difficult>0</difficult>
		<occluded>0</occluded>
		<bndbox>
			<xmin>167</xmin>
			<xmax>200</xmax>
			<ymin>173</ymin>
			<ymax>192</ymax>
		</bndbox>
	</object>
	<object>
		<name>Disc Herniationrotation</name>
		<pose>Unspecified</pose>
		<truncated>0</truncated>
		<difficult>0</difficult>
		<occluded>0</occluded>
		<bndbox>
			<xmin>186</xmin>
			<xmax>225</xmax>
			<ymin>227</ymin>
			<ymax>244</ymax>
		</bndbox>
	</object>
</annotation>
