<annotation>
	<folder></folder>
	<filename>CervicalSpondylodegenerativeChanges-MOHAMED-YAHIA-almtouli-NASEF--19-_jpg.rf.8d4e9a97276f26db0f623cafcc7c320e.jpg</filename>
	<path>CervicalSpondylodegenerativeChanges-MOHAMED-YAHIA-almtouli-NASEF--19-_jpg.rf.8d4e9a97276f26db0f623cafcc7c320e.jpg</path>
	<source>
		<database>roboflow.com</database>
	</source>
	<size>
		<width>416</width>
		<height>416</height>
		<depth>3</depth>
	</size>
	<segmented>0</segmented>
	<object>
		<name>Disc Protrusionrotation</name>
		<pose>Unspecified</pose>
		<truncated>0</truncated>
		<difficult>0</difficult>
		<occluded>0</occluded>
		<bndbox>
			<xmin>165</xmin>
			<xmax>205</xmax>
			<ymin>168</ymin>
			<ymax>186</ymax>
		</bndbox>
	</object>
	<object>
		<name>Osteophytesrotation</name>
		<pose>Unspecified</pose>
		<truncated>0</truncated>
		<difficult>0</difficult>
		<occluded>0</occluded>
		<bndbox>
			<xmin>165</xmin>
			<xmax>205</xmax>
			<ymin>168</ymin>
			<ymax>186</ymax>
		</bndbox>
	</object>
	<object>
		<name>Disc Protrusionrotation</name>
		<pose>Unspecified</pose>
		<truncated>0</truncated>
		<difficult>0</difficult>
		<occluded>0</occluded>
		<bndbox>
			<xmin>196</xmin>
			<xmax>238</xmax>
			<ymin>303</ymin>
			<ymax>322</ymax>
		</bndbox>
	</object>
</annotation>
