<annotation>
	<folder></folder>
	<filename>CervicalDegenerativeDiscDisease-Unknown5--23-_jpg.rf.b2a18d97359ee8c98977f57b6417f9e7.jpg</filename>
	<path>CervicalDegenerativeDiscDisease-Unknown5--23-_jpg.rf.b2a18d97359ee8c98977f57b6417f9e7.jpg</path>
	<source>
		<database>roboflow.com</database>
	</source>
	<size>
		<width>416</width>
		<height>416</height>
		<depth>3</depth>
	</size>
	<segmented>0</segmented>
	<object>
		<name>Disc Bulgerotation</name>
		<pose>Unspecified</pose>
		<truncated>0</truncated>
		<difficult>0</difficult>
		<occluded>0</occluded>
		<bndbox>
			<xmin>186</xmin>
			<xmax>214</xmax>
			<ymin>258</ymin>
			<ymax>278</ymax>
		</bndbox>
	</object>
</annotation>
