<annotation>
	<folder></folder>
	<filename>CervicalDiffuseDiscBulges-AHMAD-MOHAMED-KAMAL-ABD-AL-AZIZ--29-_jpg.rf.fa3c70c3933f91559cf2bd0fd0fb626f.jpg</filename>
	<path>CervicalDiffuseDiscBulges-AHMAD-MOHAMED-KAMAL-ABD-AL-AZIZ--29-_jpg.rf.fa3c70c3933f91559cf2bd0fd0fb626f.jpg</path>
	<source>
		<database>roboflow.com</database>
	</source>
	<size>
		<width>416</width>
		<height>416</height>
		<depth>3</depth>
	</size>
	<segmented>0</segmented>
	<object>
		<name>Disc Bulgerotation</name>
		<pose>Unspecified</pose>
		<truncated>0</truncated>
		<difficult>0</difficult>
		<occluded>0</occluded>
		<bndbox>
			<xmin>171</xmin>
			<xmax>202</xmax>
			<ymin>159</ymin>
			<ymax>181</ymax>
		</bndbox>
	</object>
	<object>
		<name>Disc Bulgerotation</name>
		<pose>Unspecified</pose>
		<truncated>0</truncated>
		<difficult>0</difficult>
		<occluded>0</occluded>
		<bndbox>
			<xmin>178</xmin>
			<xmax>215</xmax>
			<ymin>263</ymin>
			<ymax>287</ymax>
		</bndbox>
	</object>
</annotation>
