<annotation>
	<folder></folder>
	<filename>CervicalDiffuseDiscBulges-AHMAD-MOHAMED-ABD-ALRAHMAN--17-_jpg.rf.1de89ea2ea0f1cec084bcb39b7989ac3.jpg</filename>
	<path>CervicalDiffuseDiscBulges-AHMAD-MOHAMED-ABD-ALRAHMAN--17-_jpg.rf.1de89ea2ea0f1cec084bcb39b7989ac3.jpg</path>
	<source>
		<database>roboflow.com</database>
	</source>
	<size>
		<width>416</width>
		<height>416</height>
		<depth>3</depth>
	</size>
	<segmented>0</segmented>
	<object>
		<name>Disc Bulgerotation</name>
		<pose>Unspecified</pose>
		<truncated>0</truncated>
		<difficult>0</difficult>
		<occluded>0</occluded>
		<bndbox>
			<xmin>174</xmin>
			<xmax>205</xmax>
			<ymin>232</ymin>
			<ymax>253</ymax>
		</bndbox>
	</object>
</annotation>
