<annotation>
	<folder></folder>
	<filename>CervicalDiffuseDiscBulges-Unknown16--12-_jpg.rf.b03b308a355df60360e7dcac68bbf6b8.jpg</filename>
	<path>CervicalDiffuseDiscBulges-Unknown16--12-_jpg.rf.b03b308a355df60360e7dcac68bbf6b8.jpg</path>
	<source>
		<database>roboflow.com</database>
	</source>
	<size>
		<width>416</width>
		<height>416</height>
		<depth>3</depth>
	</size>
	<segmented>0</segmented>
	<object>
		<name>Disc Protrusionrotation</name>
		<pose>Unspecified</pose>
		<truncated>0</truncated>
		<difficult>0</difficult>
		<occluded>0</occluded>
		<bndbox>
			<xmin>156</xmin>
			<xmax>189</xmax>
			<ymin>244</ymin>
			<ymax>258</ymax>
		</bndbox>
	</object>
	<object>
		<name>Disc Protrusionrotation</name>
		<pose>Unspecified</pose>
		<truncated>0</truncated>
		<difficult>0</difficult>
		<occluded>0</occluded>
		<bndbox>
			<xmin>151</xmin>
			<xmax>180</xmax>
			<ymin>197</ymin>
			<ymax>213</ymax>
		</bndbox>
	</object>
	<object>
		<name>Disc Bulgerotation</name>
		<pose>Unspecified</pose>
		<truncated>0</truncated>
		<difficult>0</difficult>
		<occluded>0</occluded>
		<bndbox>
			<xmin>152</xmin>
			<xmax>185</xmax>
			<ymin>222</ymin>
			<ymax>234</ymax>
		</bndbox>
	</object>
</annotation>
