<annotation>
	<folder></folder>
	<filename>CervicalDiffuseDiscBulges-Unknown6--1-_jpg.rf.3fd058ca1461530f92e2a813e92db1c2.jpg</filename>
	<path>CervicalDiffuseDiscBulges-Unknown6--1-_jpg.rf.3fd058ca1461530f92e2a813e92db1c2.jpg</path>
	<source>
		<database>roboflow.com</database>
	</source>
	<size>
		<width>416</width>
		<height>416</height>
		<depth>3</depth>
	</size>
	<segmented>0</segmented>
	<object>
		<name>Disc Bulgerotation</name>
		<pose>Unspecified</pose>
		<truncated>0</truncated>
		<difficult>0</difficult>
		<occluded>0</occluded>
		<bndbox>
			<xmin>209</xmin>
			<xmax>237</xmax>
			<ymin>222</ymin>
			<ymax>237</ymax>
		</bndbox>
	</object>
	<object>
		<name>Disc Bulgerotation</name>
		<pose>Unspecified</pose>
		<truncated>0</truncated>
		<difficult>0</difficult>
		<occluded>0</occluded>
		<bndbox>
			<xmin>214</xmin>
			<xmax>241</xmax>
			<ymin>245</ymin>
			<ymax>259</ymax>
		</bndbox>
	</object>
	<object>
		<name>Disc Bulgerotation</name>
		<pose>Unspecified</pose>
		<truncated>0</truncated>
		<difficult>0</difficult>
		<occluded>0</occluded>
		<bndbox>
			<xmin>218</xmin>
			<xmax>245</xmax>
			<ymin>268</ymin>
			<ymax>284</ymax>
		</bndbox>
	</object>
</annotation>
