<annotation>
	<folder></folder>
	<filename>CervicalDiffuseDiscBulges-Unknown1--13-_jpg.rf.d2ccde8f30aaea19ea5e7d3049098fd0.jpg</filename>
	<path>CervicalDiffuseDiscBulges-Unknown1--13-_jpg.rf.d2ccde8f30aaea19ea5e7d3049098fd0.jpg</path>
	<source>
		<database>roboflow.com</database>
	</source>
	<size>
		<width>416</width>
		<height>416</height>
		<depth>3</depth>
	</size>
	<segmented>0</segmented>
	<object>
		<name>Disc Bulgerotation</name>
		<pose>Unspecified</pose>
		<truncated>0</truncated>
		<difficult>0</difficult>
		<occluded>0</occluded>
		<bndbox>
			<xmin>175</xmin>
			<xmax>197</xmax>
			<ymin>289</ymin>
			<ymax>304</ymax>
		</bndbox>
	</object>
	<object>
		<name>Disc Bulgerotation</name>
		<pose>Unspecified</pose>
		<truncated>0</truncated>
		<difficult>0</difficult>
		<occluded>0</occluded>
		<bndbox>
			<xmin>161</xmin>
			<xmax>190</xmax>
			<ymin>245</ymin>
			<ymax>257</ymax>
		</bndbox>
	</object>
	<object>
		<name>Disc Bulgerotation</name>
		<pose>Unspecified</pose>
		<truncated>0</truncated>
		<difficult>0</difficult>
		<occluded>0</occluded>
		<bndbox>
			<xmin>165</xmin>
			<xmax>192</xmax>
			<ymin>268</ymin>
			<ymax>281</ymax>
		</bndbox>
	</object>
</annotation>
