<annotation>
	<folder></folder>
	<filename>CervicalDiffuseDiscBulges-Unknown7--4-_jpg.rf.a32652984e5995183da22899229a876e.jpg</filename>
	<path>CervicalDiffuseDiscBulges-Unknown7--4-_jpg.rf.a32652984e5995183da22899229a876e.jpg</path>
	<source>
		<database>roboflow.com</database>
	</source>
	<size>
		<width>416</width>
		<height>416</height>
		<depth>3</depth>
	</size>
	<segmented>0</segmented>
	<object>
		<name>Disc Bulgerotation</name>
		<pose>Unspecified</pose>
		<truncated>0</truncated>
		<difficult>0</difficult>
		<occluded>0</occluded>
		<bndbox>
			<xmin>165</xmin>
			<xmax>193</xmax>
			<ymin>200</ymin>
			<ymax>214</ymax>
		</bndbox>
	</object>
	<object>
		<name>Osteophytesrotation</name>
		<pose>Unspecified</pose>
		<truncated>0</truncated>
		<difficult>0</difficult>
		<occluded>0</occluded>
		<bndbox>
			<xmin>165</xmin>
			<xmax>192</xmax>
			<ymin>201</ymin>
			<ymax>213</ymax>
		</bndbox>
	</object>
	<object>
		<name>Annular Disc Relaxationrotation</name>
		<pose>Unspecified</pose>
		<truncated>0</truncated>
		<difficult>0</difficult>
		<occluded>0</occluded>
		<bndbox>
			<xmin>165</xmin>
			<xmax>188</xmax>
			<ymin>174</ymin>
			<ymax>187</ymax>
		</bndbox>
	</object>
</annotation>
