<annotation>
	<folder></folder>
	<filename>CervicalSpondylodegenerativeChanges-SAMMAH-MOSTAFA-KAMEL-MOHAMED--15-_jpg.rf.25491e8b8c87b607ba11629a97441964.jpg</filename>
	<path>CervicalSpondylodegenerativeChanges-SAMMAH-MOSTAFA-KAMEL-MOHAMED--15-_jpg.rf.25491e8b8c87b607ba11629a97441964.jpg</path>
	<source>
		<database>roboflow.com</database>
	</source>
	<size>
		<width>416</width>
		<height>416</height>
		<depth>3</depth>
	</size>
	<segmented>0</segmented>
	<object>
		<name>Disc Protrusionrotation</name>
		<pose>Unspecified</pose>
		<truncated>0</truncated>
		<difficult>0</difficult>
		<occluded>0</occluded>
		<bndbox>
			<xmin>168</xmin>
			<xmax>200</xmax>
			<ymin>175</ymin>
			<ymax>194</ymax>
		</bndbox>
	</object>
	<object>
		<name>Disc Herniationrotation</name>
		<pose>Unspecified</pose>
		<truncated>0</truncated>
		<difficult>0</difficult>
		<occluded>0</occluded>
		<bndbox>
			<xmin>185</xmin>
			<xmax>223</xmax>
			<ymin>226</ymin>
			<ymax>244</ymax>
		</bndbox>
	</object>
</annotation>
