<annotation>
	<folder></folder>
	<filename>CervicalDegenerativeDiscDisease-Unknown5--7-_jpg.rf.1c6b57b730ecd1268de5265ab622b7d2.jpg</filename>
	<path>CervicalDegenerativeDiscDisease-Unknown5--7-_jpg.rf.1c6b57b730ecd1268de5265ab622b7d2.jpg</path>
	<source>
		<database>roboflow.com</database>
	</source>
	<size>
		<width>416</width>
		<height>416</height>
		<depth>3</depth>
	</size>
	<segmented>0</segmented>
	<object>
		<name>Disc Bulgerotation</name>
		<pose>Unspecified</pose>
		<truncated>0</truncated>
		<difficult>0</difficult>
		<occluded>0</occluded>
		<bndbox>
			<xmin>185</xmin>
			<xmax>214</xmax>
			<ymin>257</ymin>
			<ymax>275</ymax>
		</bndbox>
	</object>
</annotation>
