<annotation>
	<folder></folder>
	<filename>CervicalSpondylodegenerativeChanges-SAMMAH-MOSTAFA-KAMEL-MOHAMED--19-_jpg.rf.7048e1cebe4530b9a8da1b30e056f076.jpg</filename>
	<path>CervicalSpondylodegenerativeChanges-SAMMAH-MOSTAFA-KAMEL-MOHAMED--19-_jpg.rf.7048e1cebe4530b9a8da1b30e056f076.jpg</path>
	<source>
		<database>roboflow.com</database>
	</source>
	<size>
		<width>416</width>
		<height>416</height>
		<depth>3</depth>
	</size>
	<segmented>0</segmented>
	<object>
		<name>Disc Herniationrotation</name>
		<pose>Unspecified</pose>
		<truncated>0</truncated>
		<difficult>0</difficult>
		<occluded>0</occluded>
		<bndbox>
			<xmin>186</xmin>
			<xmax>225</xmax>
			<ymin>225</ymin>
			<ymax>242</ymax>
		</bndbox>
	</object>
	<object>
		<name>Disc Protrusionrotation</name>
		<pose>Unspecified</pose>
		<truncated>0</truncated>
		<difficult>0</difficult>
		<occluded>0</occluded>
		<bndbox>
			<xmin>167</xmin>
			<xmax>200</xmax>
			<ymin>174</ymin>
			<ymax>191</ymax>
		</bndbox>
	</object>
</annotation>
