<annotation>
	<folder></folder>
	<filename>CervicalDiffuseDiscBulges-Unknown8--51-_jpg.rf.d0b41f0bc05325a9297d346b835b36f6.jpg</filename>
	<path>CervicalDiffuseDiscBulges-Unknown8--51-_jpg.rf.d0b41f0bc05325a9297d346b835b36f6.jpg</path>
	<source>
		<database>roboflow.com</database>
	</source>
	<size>
		<width>416</width>
		<height>416</height>
		<depth>3</depth>
	</size>
	<segmented>0</segmented>
	<object>
		<name>Disc Bulgerotation</name>
		<pose>Unspecified</pose>
		<truncated>0</truncated>
		<difficult>0</difficult>
		<occluded>0</occluded>
		<bndbox>
			<xmin>153</xmin>
			<xmax>187</xmax>
			<ymin>195</ymin>
			<ymax>213</ymax>
		</bndbox>
	</object>
	<object>
		<name>Disc Bulgerotation</name>
		<pose>Unspecified</pose>
		<truncated>0</truncated>
		<difficult>0</difficult>
		<occluded>0</occluded>
		<bndbox>
			<xmin>149</xmin>
			<xmax>183</xmax>
			<ymin>173</ymin>
			<ymax>190</ymax>
		</bndbox>
	</object>
	<object>
		<name>Disc Bulgerotation</name>
		<pose>Unspecified</pose>
		<truncated>0</truncated>
		<difficult>0</difficult>
		<occluded>0</occluded>
		<bndbox>
			<xmin>160</xmin>
			<xmax>190</xmax>
			<ymin>218</ymin>
			<ymax>236</ymax>
		</bndbox>
	</object>
</annotation>
