<annotation>
	<folder></folder>
	<filename>CervicalSpondylodegenerativeChanges-BUSAYNA-HESSIEN-MOHAMED-IBRAHIM--13-_jpg.rf.e81e3d4eaa1a1fbd030d0010a66918cd.jpg</filename>
	<path>CervicalSpondylodegenerativeChanges-BUSAYNA-HESSIEN-MOHAMED-IBRAHIM--13-_jpg.rf.e81e3d4eaa1a1fbd030d0010a66918cd.jpg</path>
	<source>
		<database>roboflow.com</database>
	</source>
	<size>
		<width>416</width>
		<height>416</height>
		<depth>3</depth>
	</size>
	<segmented>0</segmented>
	<object>
		<name>Disc Bulgerotation</name>
		<pose>Unspecified</pose>
		<truncated>0</truncated>
		<difficult>0</difficult>
		<occluded>0</occluded>
		<bndbox>
			<xmin>188</xmin>
			<xmax>224</xmax>
			<ymin>230</ymin>
			<ymax>247</ymax>
		</bndbox>
	</object>
</annotation>
