<annotation>
	<folder></folder>
	<filename>CervicalDegenerativeDiscDisease-Unknown2--11-_jpg.rf.69d824d43b5c9b2313834d90ae40cd82.jpg</filename>
	<path>CervicalDegenerativeDiscDisease-Unknown2--11-_jpg.rf.69d824d43b5c9b2313834d90ae40cd82.jpg</path>
	<source>
		<database>roboflow.com</database>
	</source>
	<size>
		<width>416</width>
		<height>416</height>
		<depth>3</depth>
	</size>
	<segmented>0</segmented>
	<object>
		<name>Degenerative Disc Diseaserotation</name>
		<pose>Unspecified</pose>
		<truncated>0</truncated>
		<difficult>0</difficult>
		<occluded>0</occluded>
		<bndbox>
			<xmin>158</xmin>
			<xmax>187</xmax>
			<ymin>212</ymin>
			<ymax>229</ymax>
		</bndbox>
	</object>
	<object>
		<name>Degenerative Disc Diseaserotation</name>
		<pose>Unspecified</pose>
		<truncated>0</truncated>
		<difficult>0</difficult>
		<occluded>0</occluded>
		<bndbox>
			<xmin>165</xmin>
			<xmax>196</xmax>
			<ymin>305</ymin>
			<ymax>322</ymax>
		</bndbox>
	</object>
	<object>
		<name>Degenerative Disc Diseaserotation</name>
		<pose>Unspecified</pose>
		<truncated>0</truncated>
		<difficult>0</difficult>
		<occluded>0</occluded>
		<bndbox>
			<xmin>157</xmin>
			<xmax>190</xmax>
			<ymin>244</ymin>
			<ymax>262</ymax>
		</bndbox>
	</object>
</annotation>
