<annotation>
	<folder></folder>
	<filename>CervicalDiffuseDiscBulges-MOHAMED-ALH-MAHMOUD-MABROUK--7-_jpg.rf.8dcd0bd5a95a42d38ed5e1fc08f9bbc1.jpg</filename>
	<path>CervicalDiffuseDiscBulges-MOHAMED-ALH-MAHMOUD-MABROUK--7-_jpg.rf.8dcd0bd5a95a42d38ed5e1fc08f9bbc1.jpg</path>
	<source>
		<database>roboflow.com</database>
	</source>
	<size>
		<width>416</width>
		<height>416</height>
		<depth>3</depth>
	</size>
	<segmented>0</segmented>
	<object>
		<name>Disc Bulgerotation</name>
		<pose>Unspecified</pose>
		<truncated>0</truncated>
		<difficult>0</difficult>
		<occluded>0</occluded>
		<bndbox>
			<xmin>170</xmin>
			<xmax>201</xmax>
			<ymin>135</ymin>
			<ymax>155</ymax>
		</bndbox>
	</object>
	<object>
		<name>Disc Bulgerotation</name>
		<pose>Unspecified</pose>
		<truncated>0</truncated>
		<difficult>0</difficult>
		<occluded>0</occluded>
		<bndbox>
			<xmin>169</xmin>
			<xmax>207</xmax>
			<ymin>169</ymin>
			<ymax>189</ymax>
		</bndbox>
	</object>
	<object>
		<name>Disc Protrusionrotation</name>
		<pose>Unspecified</pose>
		<truncated>0</truncated>
		<difficult>0</difficult>
		<occluded>0</occluded>
		<bndbox>
			<xmin>185</xmin>
			<xmax>218</xmax>
			<ymin>257</ymin>
			<ymax>273</ymax>
		</bndbox>
	</object>
	<object>
		<name>Disc Bulgerotation</name>
		<pose>Unspecified</pose>
		<truncated>0</truncated>
		<difficult>0</difficult>
		<occluded>0</occluded>
		<bndbox>
			<xmin>177</xmin>
			<xmax>214</xmax>
			<ymin>227</ymin>
			<ymax>245</ymax>
		</bndbox>
	</object>
	<object>
		<name>Disc Bulgerotation</name>
		<pose>Unspecified</pose>
		<truncated>0</truncated>
		<difficult>0</difficult>
		<occluded>0</occluded>
		<bndbox>
			<xmin>171</xmin>
			<xmax>211</xmax>
			<ymin>196</ymin>
			<ymax>217</ymax>
		</bndbox>
	</object>
	<object>
		<name>Disc Bulgerotation</name>
		<pose>Unspecified</pose>
		<truncated>0</truncated>
		<difficult>0</difficult>
		<occluded>0</occluded>
		<bndbox>
			<xmin>185</xmin>
			<xmax>218</xmax>
			<ymin>257</ymin>
			<ymax>273</ymax>
		</bndbox>
	</object>
</annotation>
