<annotation>
	<folder></folder>
	<filename>CervicalDegenerativeDiscDisease-EMAD-ABD-alhkm-ABD-ALHAKIM--9-_jpg.rf.0a1cab508c3322658e28970442fb9bb7.jpg</filename>
	<path>CervicalDegenerativeDiscDisease-EMAD-ABD-alhkm-ABD-ALHAKIM--9-_jpg.rf.0a1cab508c3322658e28970442fb9bb7.jpg</path>
	<source>
		<database>roboflow.com</database>
	</source>
	<size>
		<width>416</width>
		<height>416</height>
		<depth>3</depth>
	</size>
	<segmented>0</segmented>
	<object>
		<name>Disc Bulgerotation</name>
		<pose>Unspecified</pose>
		<truncated>0</truncated>
		<difficult>0</difficult>
		<occluded>0</occluded>
		<bndbox>
			<xmin>180</xmin>
			<xmax>218</xmax>
			<ymin>264</ymin>
			<ymax>283</ymax>
		</bndbox>
	</object>
	<object>
		<name>Disc Bulgerotation</name>
		<pose>Unspecified</pose>
		<truncated>0</truncated>
		<difficult>0</difficult>
		<occluded>0</occluded>
		<bndbox>
			<xmin>170</xmin>
			<xmax>206</xmax>
			<ymin>204</ymin>
			<ymax>219</ymax>
		</bndbox>
	</object>
</annotation>
