<annotation>
	<folder></folder>
	<filename>CervicalDegenerativeDiscDisease-Unknown12--20-_jpg.rf.b53c762b810c92c867d94cfb7e5e0956.jpg</filename>
	<path>CervicalDegenerativeDiscDisease-Unknown12--20-_jpg.rf.b53c762b810c92c867d94cfb7e5e0956.jpg</path>
	<source>
		<database>roboflow.com</database>
	</source>
	<size>
		<width>416</width>
		<height>416</height>
		<depth>3</depth>
	</size>
	<segmented>0</segmented>
	<object>
		<name>Degenerative Disc Diseaserotation</name>
		<pose>Unspecified</pose>
		<truncated>0</truncated>
		<difficult>0</difficult>
		<occluded>0</occluded>
		<bndbox>
			<xmin>144</xmin>
			<xmax>175</xmax>
			<ymin>224</ymin>
			<ymax>239</ymax>
		</bndbox>
	</object>
</annotation>
