<annotation>
	<folder></folder>
	<filename>CervicalDegenerativeDiscDisease-Unknown13--15-_jpg.rf.78be705219e0ea161d8b6fcb493848de.jpg</filename>
	<path>CervicalDegenerativeDiscDisease-Unknown13--15-_jpg.rf.78be705219e0ea161d8b6fcb493848de.jpg</path>
	<source>
		<database>roboflow.com</database>
	</source>
	<size>
		<width>416</width>
		<height>416</height>
		<depth>3</depth>
	</size>
	<segmented>0</segmented>
	<object>
		<name>Disc Bulgerotation</name>
		<pose>Unspecified</pose>
		<truncated>0</truncated>
		<difficult>0</difficult>
		<occluded>0</occluded>
		<bndbox>
			<xmin>193</xmin>
			<xmax>232</xmax>
			<ymin>269</ymin>
			<ymax>282</ymax>
		</bndbox>
	</object>
	<object>
		<name>Disc Bulgerotation</name>
		<pose>Unspecified</pose>
		<truncated>0</truncated>
		<difficult>0</difficult>
		<occluded>0</occluded>
		<bndbox>
			<xmin>172</xmin>
			<xmax>207</xmax>
			<ymin>210</ymin>
			<ymax>222</ymax>
		</bndbox>
	</object>
	<object>
		<name>Osteophytesrotation</name>
		<pose>Unspecified</pose>
		<truncated>0</truncated>
		<difficult>0</difficult>
		<occluded>0</occluded>
		<bndbox>
			<xmin>193</xmin>
			<xmax>232</xmax>
			<ymin>269</ymin>
			<ymax>282</ymax>
		</bndbox>
	</object>
	<object>
		<name>Osteophytesrotation</name>
		<pose>Unspecified</pose>
		<truncated>0</truncated>
		<difficult>0</difficult>
		<occluded>0</occluded>
		<bndbox>
			<xmin>177</xmin>
			<xmax>216</xmax>
			<ymin>230</ymin>
			<ymax>242</ymax>
		</bndbox>
	</object>
	<object>
		<name>Osteophytesrotation</name>
		<pose>Unspecified</pose>
		<truncated>0</truncated>
		<difficult>0</difficult>
		<occluded>0</occluded>
		<bndbox>
			<xmin>172</xmin>
			<xmax>207</xmax>
			<ymin>210</ymin>
			<ymax>222</ymax>
		</bndbox>
	</object>
</annotation>
