<annotation>
	<folder></folder>
	<filename>CervicalDiffuseDiscBulges_Neural-ZAINAB-MOHAMED-ABD-alla--4-_jpg.rf.a821265b47cb6b182ec288f8cca520ec.jpg</filename>
	<path>CervicalDiffuseDiscBulges_Neural-ZAINAB-MOHAMED-ABD-alla--4-_jpg.rf.a821265b47cb6b182ec288f8cca520ec.jpg</path>
	<source>
		<database>roboflow.com</database>
	</source>
	<size>
		<width>416</width>
		<height>416</height>
		<depth>3</depth>
	</size>
	<segmented>0</segmented>
	<object>
		<name>Disc Bulgerotation</name>
		<pose>Unspecified</pose>
		<truncated>0</truncated>
		<difficult>0</difficult>
		<occluded>0</occluded>
		<bndbox>
			<xmin>182</xmin>
			<xmax>218</xmax>
			<ymin>255</ymin>
			<ymax>274</ymax>
		</bndbox>
	</object>
	<object>
		<name>Disc Protrusionrotation</name>
		<pose>Unspecified</pose>
		<truncated>0</truncated>
		<difficult>0</difficult>
		<occluded>0</occluded>
		<bndbox>
			<xmin>180</xmin>
			<xmax>210</xmax>
			<ymin>204</ymin>
			<ymax>218</ymax>
		</bndbox>
	</object>
	<object>
		<name>Disc Protrusionrotation</name>
		<pose>Unspecified</pose>
		<truncated>0</truncated>
		<difficult>0</difficult>
		<occluded>0</occluded>
		<bndbox>
			<xmin>181</xmin>
			<xmax>212</xmax>
			<ymin>230</ymin>
			<ymax>245</ymax>
		</bndbox>
	</object>
	<object>
		<name>Degenerative Disc Diseaserotation</name>
		<pose>Unspecified</pose>
		<truncated>0</truncated>
		<difficult>0</difficult>
		<occluded>0</occluded>
		<bndbox>
			<xmin>181</xmin>
			<xmax>212</xmax>
			<ymin>230</ymin>
			<ymax>245</ymax>
		</bndbox>
	</object>
</annotation>
