<annotation>
	<folder></folder>
	<filename>CervicalSpondylodegenerativeChanges-Unknown4--1-_jpg.rf.0b213396e8d158391e88bc0765b87225.jpg</filename>
	<path>CervicalSpondylodegenerativeChanges-Unknown4--1-_jpg.rf.0b213396e8d158391e88bc0765b87225.jpg</path>
	<source>
		<database>roboflow.com</database>
	</source>
	<size>
		<width>416</width>
		<height>416</height>
		<depth>3</depth>
	</size>
	<segmented>0</segmented>
	<object>
		<name>Disc Bulgerotation</name>
		<pose>Unspecified</pose>
		<truncated>0</truncated>
		<difficult>0</difficult>
		<occluded>0</occluded>
		<bndbox>
			<xmin>177</xmin>
			<xmax>205</xmax>
			<ymin>221</ymin>
			<ymax>235</ymax>
		</bndbox>
	</object>
	<object>
		<name>Disc Bulgerotation</name>
		<pose>Unspecified</pose>
		<truncated>0</truncated>
		<difficult>0</difficult>
		<occluded>0</occluded>
		<bndbox>
			<xmin>181</xmin>
			<xmax>208</xmax>
			<ymin>250</ymin>
			<ymax>265</ymax>
		</bndbox>
	</object>
</annotation>
