<annotation>
	<folder></folder>
	<filename>CervicalDiffuseDiscBulges-Unknown8--15-_jpg.rf.4ab3cd1804d6c4774ebc93f388aa72e2.jpg</filename>
	<path>CervicalDiffuseDiscBulges-Unknown8--15-_jpg.rf.4ab3cd1804d6c4774ebc93f388aa72e2.jpg</path>
	<source>
		<database>roboflow.com</database>
	</source>
	<size>
		<width>416</width>
		<height>416</height>
		<depth>3</depth>
	</size>
	<segmented>0</segmented>
	<object>
		<name>Disc Bulgerotation</name>
		<pose>Unspecified</pose>
		<truncated>0</truncated>
		<difficult>0</difficult>
		<occluded>0</occluded>
		<bndbox>
			<xmin>153</xmin>
			<xmax>182</xmax>
			<ymin>173</ymin>
			<ymax>188</ymax>
		</bndbox>
	</object>
	<object>
		<name>Disc Bulgerotation</name>
		<pose>Unspecified</pose>
		<truncated>0</truncated>
		<difficult>0</difficult>
		<occluded>0</occluded>
		<bndbox>
			<xmin>162</xmin>
			<xmax>192</xmax>
			<ymin>215</ymin>
			<ymax>233</ymax>
		</bndbox>
	</object>
	<object>
		<name>Disc Bulgerotation</name>
		<pose>Unspecified</pose>
		<truncated>0</truncated>
		<difficult>0</difficult>
		<occluded>0</occluded>
		<bndbox>
			<xmin>155</xmin>
			<xmax>186</xmax>
			<ymin>193</ymin>
			<ymax>211</ymax>
		</bndbox>
	</object>
</annotation>
