<annotation>
	<folder></folder>
	<filename>CervicalDegenerativeDiscDisease-NADIA-ABD-ALRAHIM-MOHAMED-AHMAD--3-_jpg.rf.3a8ca58ed46d44396863c1b31ca7cd56.jpg</filename>
	<path>CervicalDegenerativeDiscDisease-NADIA-ABD-ALRAHIM-MOHAMED-AHMAD--3-_jpg.rf.3a8ca58ed46d44396863c1b31ca7cd56.jpg</path>
	<source>
		<database>roboflow.com</database>
	</source>
	<size>
		<width>416</width>
		<height>416</height>
		<depth>3</depth>
	</size>
	<segmented>0</segmented>
	<object>
		<name>Osteophytesrotation</name>
		<pose>Unspecified</pose>
		<truncated>0</truncated>
		<difficult>0</difficult>
		<occluded>0</occluded>
		<bndbox>
			<xmin>179</xmin>
			<xmax>215</xmax>
			<ymin>200</ymin>
			<ymax>217</ymax>
		</bndbox>
	</object>
	<object>
		<name>Osteophytesrotation</name>
		<pose>Unspecified</pose>
		<truncated>0</truncated>
		<difficult>0</difficult>
		<occluded>0</occluded>
		<bndbox>
			<xmin>187</xmin>
			<xmax>221</xmax>
			<ymin>230</ymin>
			<ymax>246</ymax>
		</bndbox>
	</object>
</annotation>
