<annotation>
	<folder></folder>
	<filename>CervicalDegenerativeDiscDisease-NADIA-ABD-ALRAHIM-MOHAMED-AHMAD--1-_jpg.rf.730575c550244aff15bde54b185fbdd4.jpg</filename>
	<path>CervicalDegenerativeDiscDisease-NADIA-ABD-ALRAHIM-MOHAMED-AHMAD--1-_jpg.rf.730575c550244aff15bde54b185fbdd4.jpg</path>
	<source>
		<database>roboflow.com</database>
	</source>
	<size>
		<width>416</width>
		<height>416</height>
		<depth>3</depth>
	</size>
	<segmented>0</segmented>
	<object>
		<name>Osteophytesrotation</name>
		<pose>Unspecified</pose>
		<truncated>0</truncated>
		<difficult>0</difficult>
		<occluded>0</occluded>
		<bndbox>
			<xmin>178</xmin>
			<xmax>211</xmax>
			<ymin>199</ymin>
			<ymax>215</ymax>
		</bndbox>
	</object>
	<object>
		<name>Osteophytesrotation</name>
		<pose>Unspecified</pose>
		<truncated>0</truncated>
		<difficult>0</difficult>
		<occluded>0</occluded>
		<bndbox>
			<xmin>185</xmin>
			<xmax>220</xmax>
			<ymin>228</ymin>
			<ymax>245</ymax>
		</bndbox>
	</object>
</annotation>
