<annotation>
	<folder></folder>
	<filename>CervicalDiffuseDiscBulges-ATIYAT-ALSAYED-MOHAMED-HAMAAD--8-_jpg.rf.195bf3eec4a36337e5412680968a0436.jpg</filename>
	<path>CervicalDiffuseDiscBulges-ATIYAT-ALSAYED-MOHAMED-HAMAAD--8-_jpg.rf.195bf3eec4a36337e5412680968a0436.jpg</path>
	<source>
		<database>roboflow.com</database>
	</source>
	<size>
		<width>416</width>
		<height>416</height>
		<depth>3</depth>
	</size>
	<segmented>0</segmented>
	<object>
		<name>Disc Bulgerotation</name>
		<pose>Unspecified</pose>
		<truncated>0</truncated>
		<difficult>0</difficult>
		<occluded>0</occluded>
		<bndbox>
			<xmin>182</xmin>
			<xmax>215</xmax>
			<ymin>223</ymin>
			<ymax>239</ymax>
		</bndbox>
	</object>
	<object>
		<name>Disc Bulgerotation</name>
		<pose>Unspecified</pose>
		<truncated>0</truncated>
		<difficult>0</difficult>
		<occluded>0</occluded>
		<bndbox>
			<xmin>186</xmin>
			<xmax>223</xmax>
			<ymin>253</ymin>
			<ymax>268</ymax>
		</bndbox>
	</object>
</annotation>
