<annotation>
	<folder></folder>
	<filename>CervicalSpondylodegenerativeChanges_Neural-AHMAD-MAHMOUD-IBRAHIM-AHMAD--20-_jpg.rf.bed980580f8147d03d3d3b7243f0412e.jpg</filename>
	<path>CervicalSpondylodegenerativeChanges_Neural-AHMAD-MAHMOUD-IBRAHIM-AHMAD--20-_jpg.rf.bed980580f8147d03d3d3b7243f0412e.jpg</path>
	<source>
		<database>roboflow.com</database>
	</source>
	<size>
		<width>416</width>
		<height>416</height>
		<depth>3</depth>
	</size>
	<segmented>0</segmented>
	<object>
		<name>Degenerative Disc Diseaserotation</name>
		<pose>Unspecified</pose>
		<truncated>0</truncated>
		<difficult>0</difficult>
		<occluded>0</occluded>
		<bndbox>
			<xmin>180</xmin>
			<xmax>216</xmax>
			<ymin>237</ymin>
			<ymax>253</ymax>
		</bndbox>
	</object>
	<object>
		<name>Disc Bulgerotation</name>
		<pose>Unspecified</pose>
		<truncated>0</truncated>
		<difficult>0</difficult>
		<occluded>0</occluded>
		<bndbox>
			<xmin>180</xmin>
			<xmax>216</xmax>
			<ymin>237</ymin>
			<ymax>253</ymax>
		</bndbox>
	</object>
</annotation>
