<annotation>
	<folder></folder>
	<filename>CervicalDegenerativeDiscDisease-Unknown12--5-_jpg.rf.812e725b0adb6ee3c7ae18630c8f5604.jpg</filename>
	<path>CervicalDegenerativeDiscDisease-Unknown12--5-_jpg.rf.812e725b0adb6ee3c7ae18630c8f5604.jpg</path>
	<source>
		<database>roboflow.com</database>
	</source>
	<size>
		<width>416</width>
		<height>416</height>
		<depth>3</depth>
	</size>
	<segmented>0</segmented>
	<object>
		<name>Degenerative Disc Diseaserotation</name>
		<pose>Unspecified</pose>
		<truncated>0</truncated>
		<difficult>0</difficult>
		<occluded>0</occluded>
		<bndbox>
			<xmin>141</xmin>
			<xmax>171</xmax>
			<ymin>228</ymin>
			<ymax>243</ymax>
		</bndbox>
	</object>
</annotation>
