<annotation>
	<folder></folder>
	<filename>CervicalSpondylodegenerativeChanges-Unknown4--5-_jpg.rf.777e3bc69a2b632fc30f28ebf455fd84.jpg</filename>
	<path>CervicalSpondylodegenerativeChanges-Unknown4--5-_jpg.rf.777e3bc69a2b632fc30f28ebf455fd84.jpg</path>
	<source>
		<database>roboflow.com</database>
	</source>
	<size>
		<width>416</width>
		<height>416</height>
		<depth>3</depth>
	</size>
	<segmented>0</segmented>
	<object>
		<name>Disc Bulgerotation</name>
		<pose>Unspecified</pose>
		<truncated>0</truncated>
		<difficult>0</difficult>
		<occluded>0</occluded>
		<bndbox>
			<xmin>180</xmin>
			<xmax>207</xmax>
			<ymin>250</ymin>
			<ymax>264</ymax>
		</bndbox>
	</object>
	<object>
		<name>Disc Bulgerotation</name>
		<pose>Unspecified</pose>
		<truncated>0</truncated>
		<difficult>0</difficult>
		<occluded>0</occluded>
		<bndbox>
			<xmin>175</xmin>
			<xmax>205</xmax>
			<ymin>221</ymin>
			<ymax>235</ymax>
		</bndbox>
	</object>
</annotation>
