<annotation>
	<folder></folder>
	<filename>CervicalDiffuseDiscBulges-Unknown7--7-_jpg.rf.5d120db3632522cb986ad3163e47b645.jpg</filename>
	<path>CervicalDiffuseDiscBulges-Unknown7--7-_jpg.rf.5d120db3632522cb986ad3163e47b645.jpg</path>
	<source>
		<database>roboflow.com</database>
	</source>
	<size>
		<width>416</width>
		<height>416</height>
		<depth>3</depth>
	</size>
	<segmented>0</segmented>
	<object>
		<name>Disc Bulgerotation</name>
		<pose>Unspecified</pose>
		<truncated>0</truncated>
		<difficult>0</difficult>
		<occluded>0</occluded>
		<bndbox>
			<xmin>161</xmin>
			<xmax>194</xmax>
			<ymin>202</ymin>
			<ymax>216</ymax>
		</bndbox>
	</object>
	<object>
		<name>Annular Disc Relaxationrotation</name>
		<pose>Unspecified</pose>
		<truncated>0</truncated>
		<difficult>0</difficult>
		<occluded>0</occluded>
		<bndbox>
			<xmin>160</xmin>
			<xmax>190</xmax>
			<ymin>177</ymin>
			<ymax>193</ymax>
		</bndbox>
	</object>
	<object>
		<name>Osteophytesrotation</name>
		<pose>Unspecified</pose>
		<truncated>0</truncated>
		<difficult>0</difficult>
		<occluded>0</occluded>
		<bndbox>
			<xmin>161</xmin>
			<xmax>194</xmax>
			<ymin>202</ymin>
			<ymax>216</ymax>
		</bndbox>
	</object>
</annotation>
