<annotation>
	<folder></folder>
	<filename>CervicalSpondylodegenerativeChanges_Neural-AHMAD-MAHMOUD-IBRAHIM-AHMAD--16-_jpg.rf.359d7dd5c3857958cb18fb6f776c327e.jpg</filename>
	<path>CervicalSpondylodegenerativeChanges_Neural-AHMAD-MAHMOUD-IBRAHIM-AHMAD--16-_jpg.rf.359d7dd5c3857958cb18fb6f776c327e.jpg</path>
	<source>
		<database>roboflow.com</database>
	</source>
	<size>
		<width>416</width>
		<height>416</height>
		<depth>3</depth>
	</size>
	<segmented>0</segmented>
	<object>
		<name>Disc Bulgerotation</name>
		<pose>Unspecified</pose>
		<truncated>0</truncated>
		<difficult>0</difficult>
		<occluded>0</occluded>
		<bndbox>
			<xmin>184</xmin>
			<xmax>215</xmax>
			<ymin>236</ymin>
			<ymax>251</ymax>
		</bndbox>
	</object>
	<object>
		<name>Degenerative Disc Diseaserotation</name>
		<pose>Unspecified</pose>
		<truncated>0</truncated>
		<difficult>0</difficult>
		<occluded>0</occluded>
		<bndbox>
			<xmin>184</xmin>
			<xmax>215</xmax>
			<ymin>237</ymin>
			<ymax>252</ymax>
		</bndbox>
	</object>
</annotation>
