<annotation>
	<folder></folder>
	<filename>CervicalDiffuseDiscBulges-Unknown16--9-_jpg.rf.de31a15afe19dc0cf4c400121b3342dc.jpg</filename>
	<path>CervicalDiffuseDiscBulges-Unknown16--9-_jpg.rf.de31a15afe19dc0cf4c400121b3342dc.jpg</path>
	<source>
		<database>roboflow.com</database>
	</source>
	<size>
		<width>416</width>
		<height>416</height>
		<depth>3</depth>
	</size>
	<segmented>0</segmented>
	<object>
		<name>Disc Protrusionrotation</name>
		<pose>Unspecified</pose>
		<truncated>0</truncated>
		<difficult>0</difficult>
		<occluded>0</occluded>
		<bndbox>
			<xmin>154</xmin>
			<xmax>186</xmax>
			<ymin>196</ymin>
			<ymax>213</ymax>
		</bndbox>
	</object>
	<object>
		<name>Disc Protrusionrotation</name>
		<pose>Unspecified</pose>
		<truncated>0</truncated>
		<difficult>0</difficult>
		<occluded>0</occluded>
		<bndbox>
			<xmin>161</xmin>
			<xmax>191</xmax>
			<ymin>242</ymin>
			<ymax>258</ymax>
		</bndbox>
	</object>
	<object>
		<name>Disc Bulgerotation</name>
		<pose>Unspecified</pose>
		<truncated>0</truncated>
		<difficult>0</difficult>
		<occluded>0</occluded>
		<bndbox>
			<xmin>155</xmin>
			<xmax>186</xmax>
			<ymin>222</ymin>
			<ymax>234</ymax>
		</bndbox>
	</object>
</annotation>
