<annotation>
	<folder></folder>
	<filename>CervicalDegenerativeDiscDisease-Unknown5--2-_jpg.rf.d8876ca415fb8d9c1bf55501c487d6c9.jpg</filename>
	<path>CervicalDegenerativeDiscDisease-Unknown5--2-_jpg.rf.d8876ca415fb8d9c1bf55501c487d6c9.jpg</path>
	<source>
		<database>roboflow.com</database>
	</source>
	<size>
		<width>416</width>
		<height>416</height>
		<depth>3</depth>
	</size>
	<segmented>0</segmented>
	<object>
		<name>Disc Bulgerotation</name>
		<pose>Unspecified</pose>
		<truncated>0</truncated>
		<difficult>0</difficult>
		<occluded>0</occluded>
		<bndbox>
			<xmin>184</xmin>
			<xmax>212</xmax>
			<ymin>263</ymin>
			<ymax>277</ymax>
		</bndbox>
	</object>
</annotation>
