<annotation>
	<folder></folder>
	<filename>CervicalDegenerativeDiscDisease-NADIA-ABD-ALRAHIM-MOHAMED-AHMAD--5-_jpg.rf.d4f36838a4305117e7a3afa73c16de32.jpg</filename>
	<path>CervicalDegenerativeDiscDisease-NADIA-ABD-ALRAHIM-MOHAMED-AHMAD--5-_jpg.rf.d4f36838a4305117e7a3afa73c16de32.jpg</path>
	<source>
		<database>roboflow.com</database>
	</source>
	<size>
		<width>416</width>
		<height>416</height>
		<depth>3</depth>
	</size>
	<segmented>0</segmented>
	<object>
		<name>Osteophytesrotation</name>
		<pose>Unspecified</pose>
		<truncated>0</truncated>
		<difficult>0</difficult>
		<occluded>0</occluded>
		<bndbox>
			<xmin>177</xmin>
			<xmax>215</xmax>
			<ymin>200</ymin>
			<ymax>220</ymax>
		</bndbox>
	</object>
	<object>
		<name>Osteophytesrotation</name>
		<pose>Unspecified</pose>
		<truncated>0</truncated>
		<difficult>0</difficult>
		<occluded>0</occluded>
		<bndbox>
			<xmin>186</xmin>
			<xmax>221</xmax>
			<ymin>228</ymin>
			<ymax>248</ymax>
		</bndbox>
	</object>
</annotation>
