<annotation>
	<folder></folder>
	<filename>CervicalDegenerativeDiscDisease-EMAD-ABD-alhkm-ABD-ALHAKIM--1-_jpg.rf.a305f0aea8b7aee70ecbca735f9b7fc4.jpg</filename>
	<path>CervicalDegenerativeDiscDisease-EMAD-ABD-alhkm-ABD-ALHAKIM--1-_jpg.rf.a305f0aea8b7aee70ecbca735f9b7fc4.jpg</path>
	<source>
		<database>roboflow.com</database>
	</source>
	<size>
		<width>416</width>
		<height>416</height>
		<depth>3</depth>
	</size>
	<segmented>0</segmented>
	<object>
		<name>Disc Bulgerotation</name>
		<pose>Unspecified</pose>
		<truncated>0</truncated>
		<difficult>0</difficult>
		<occluded>0</occluded>
		<bndbox>
			<xmin>166</xmin>
			<xmax>199</xmax>
			<ymin>206</ymin>
			<ymax>222</ymax>
		</bndbox>
	</object>
	<object>
		<name>Disc Bulgerotation</name>
		<pose>Unspecified</pose>
		<truncated>0</truncated>
		<difficult>0</difficult>
		<occluded>0</occluded>
		<bndbox>
			<xmin>177</xmin>
			<xmax>215</xmax>
			<ymin>271</ymin>
			<ymax>284</ymax>
		</bndbox>
	</object>
</annotation>
