<annotation>
	<folder></folder>
	<filename>CervicalDiffuseDiscBulges-Unknown10--1-_jpg.rf.67b88db478ccd508b5fe0bb46c0932d6.jpg</filename>
	<path>CervicalDiffuseDiscBulges-Unknown10--1-_jpg.rf.67b88db478ccd508b5fe0bb46c0932d6.jpg</path>
	<source>
		<database>roboflow.com</database>
	</source>
	<size>
		<width>416</width>
		<height>416</height>
		<depth>3</depth>
	</size>
	<segmented>0</segmented>
	<object>
		<name>Osteophytesrotation</name>
		<pose>Unspecified</pose>
		<truncated>0</truncated>
		<difficult>0</difficult>
		<occluded>0</occluded>
		<bndbox>
			<xmin>175</xmin>
			<xmax>206</xmax>
			<ymin>228</ymin>
			<ymax>244</ymax>
		</bndbox>
	</object>
	<object>
		<name>Osteophytesrotation</name>
		<pose>Unspecified</pose>
		<truncated>0</truncated>
		<difficult>0</difficult>
		<occluded>0</occluded>
		<bndbox>
			<xmin>177</xmin>
			<xmax>208</xmax>
			<ymin>258</ymin>
			<ymax>272</ymax>
		</bndbox>
	</object>
	<object>
		<name>Disc Bulgerotation</name>
		<pose>Unspecified</pose>
		<truncated>0</truncated>
		<difficult>0</difficult>
		<occluded>0</occluded>
		<bndbox>
			<xmin>175</xmin>
			<xmax>206</xmax>
			<ymin>229</ymin>
			<ymax>245</ymax>
		</bndbox>
	</object>
	<object>
		<name>Disc Bulgerotation</name>
		<pose>Unspecified</pose>
		<truncated>0</truncated>
		<difficult>0</difficult>
		<occluded>0</occluded>
		<bndbox>
			<xmin>177</xmin>
			<xmax>208</xmax>
			<ymin>258</ymin>
			<ymax>272</ymax>
		</bndbox>
	</object>
</annotation>
