<annotation>
	<folder></folder>
	<filename>CervicalDiffuseDiscBulges-MOHAMED-ALH-MAHMOUD-MABROUK--9-_jpg.rf.3df9adeb5f0366c646b67e0c0a90818e.jpg</filename>
	<path>CervicalDiffuseDiscBulges-MOHAMED-ALH-MAHMOUD-MABROUK--9-_jpg.rf.3df9adeb5f0366c646b67e0c0a90818e.jpg</path>
	<source>
		<database>roboflow.com</database>
	</source>
	<size>
		<width>416</width>
		<height>416</height>
		<depth>3</depth>
	</size>
	<segmented>0</segmented>
	<object>
		<name>Disc Bulgerotation</name>
		<pose>Unspecified</pose>
		<truncated>0</truncated>
		<difficult>0</difficult>
		<occluded>0</occluded>
		<bndbox>
			<xmin>168</xmin>
			<xmax>202</xmax>
			<ymin>138</ymin>
			<ymax>155</ymax>
		</bndbox>
	</object>
	<object>
		<name>Disc Bulgerotation</name>
		<pose>Unspecified</pose>
		<truncated>0</truncated>
		<difficult>0</difficult>
		<occluded>0</occluded>
		<bndbox>
			<xmin>175</xmin>
			<xmax>213</xmax>
			<ymin>228</ymin>
			<ymax>243</ymax>
		</bndbox>
	</object>
	<object>
		<name>Disc Protrusionrotation</name>
		<pose>Unspecified</pose>
		<truncated>0</truncated>
		<difficult>0</difficult>
		<occluded>0</occluded>
		<bndbox>
			<xmin>183</xmin>
			<xmax>219</xmax>
			<ymin>257</ymin>
			<ymax>273</ymax>
		</bndbox>
	</object>
	<object>
		<name>Disc Bulgerotation</name>
		<pose>Unspecified</pose>
		<truncated>0</truncated>
		<difficult>0</difficult>
		<occluded>0</occluded>
		<bndbox>
			<xmin>182</xmin>
			<xmax>219</xmax>
			<ymin>257</ymin>
			<ymax>273</ymax>
		</bndbox>
	</object>
	<object>
		<name>Disc Bulgerotation</name>
		<pose>Unspecified</pose>
		<truncated>0</truncated>
		<difficult>0</difficult>
		<occluded>0</occluded>
		<bndbox>
			<xmin>170</xmin>
			<xmax>209</xmax>
			<ymin>198</ymin>
			<ymax>216</ymax>
		</bndbox>
	</object>
	<object>
		<name>Disc Bulgerotation</name>
		<pose>Unspecified</pose>
		<truncated>0</truncated>
		<difficult>0</difficult>
		<occluded>0</occluded>
		<bndbox>
			<xmin>169</xmin>
			<xmax>209</xmax>
			<ymin>169</ymin>
			<ymax>188</ymax>
		</bndbox>
	</object>
</annotation>
