<annotation>
	<folder></folder>
	<filename>CervicalDiffuseDiscBulges-Unknown6--21-_jpg.rf.12fa58d2a7e793ffb377e83882682b9a.jpg</filename>
	<path>CervicalDiffuseDiscBulges-Unknown6--21-_jpg.rf.12fa58d2a7e793ffb377e83882682b9a.jpg</path>
	<source>
		<database>roboflow.com</database>
	</source>
	<size>
		<width>416</width>
		<height>416</height>
		<depth>3</depth>
	</size>
	<segmented>0</segmented>
	<object>
		<name>Disc Bulgerotation</name>
		<pose>Unspecified</pose>
		<truncated>0</truncated>
		<difficult>0</difficult>
		<occluded>0</occluded>
		<bndbox>
			<xmin>213</xmin>
			<xmax>242</xmax>
			<ymin>244</ymin>
			<ymax>259</ymax>
		</bndbox>
	</object>
	<object>
		<name>Disc Bulgerotation</name>
		<pose>Unspecified</pose>
		<truncated>0</truncated>
		<difficult>0</difficult>
		<occluded>0</occluded>
		<bndbox>
			<xmin>211</xmin>
			<xmax>244</xmax>
			<ymin>268</ymin>
			<ymax>284</ymax>
		</bndbox>
	</object>
	<object>
		<name>Disc Bulgerotation</name>
		<pose>Unspecified</pose>
		<truncated>0</truncated>
		<difficult>0</difficult>
		<occluded>0</occluded>
		<bndbox>
			<xmin>209</xmin>
			<xmax>238</xmax>
			<ymin>222</ymin>
			<ymax>235</ymax>
		</bndbox>
	</object>
</annotation>
