<annotation>
	<folder></folder>
	<filename>CervicalDegenerativeDiscDisease-Unknown9--7-_jpg.rf.1566bca2c4ed2439f005b4828423f636.jpg</filename>
	<path>CervicalDegenerativeDiscDisease-Unknown9--7-_jpg.rf.1566bca2c4ed2439f005b4828423f636.jpg</path>
	<source>
		<database>roboflow.com</database>
	</source>
	<size>
		<width>416</width>
		<height>416</height>
		<depth>3</depth>
	</size>
	<segmented>0</segmented>
	<object>
		<name>Osteophytesrotation</name>
		<pose>Unspecified</pose>
		<truncated>0</truncated>
		<difficult>0</difficult>
		<occluded>0</occluded>
		<bndbox>
			<xmin>141</xmin>
			<xmax>168</xmax>
			<ymin>235</ymin>
			<ymax>250</ymax>
		</bndbox>
	</object>
	<object>
		<name>Degenerative Disc Diseaserotation</name>
		<pose>Unspecified</pose>
		<truncated>0</truncated>
		<difficult>0</difficult>
		<occluded>0</occluded>
		<bndbox>
			<xmin>141</xmin>
			<xmax>168</xmax>
			<ymin>235</ymin>
			<ymax>250</ymax>
		</bndbox>
	</object>
	<object>
		<name>Disc Bulgerotation</name>
		<pose>Unspecified</pose>
		<truncated>0</truncated>
		<difficult>0</difficult>
		<occluded>0</occluded>
		<bndbox>
			<xmin>141</xmin>
			<xmax>168</xmax>
			<ymin>235</ymin>
			<ymax>250</ymax>
		</bndbox>
	</object>
	<object>
		<name>Disc Bulgerotation</name>
		<pose>Unspecified</pose>
		<truncated>0</truncated>
		<difficult>0</difficult>
		<occluded>0</occluded>
		<bndbox>
			<xmin>144</xmin>
			<xmax>171</xmax>
			<ymin>184</ymin>
			<ymax>197</ymax>
		</bndbox>
	</object>
	<object>
		<name>Degenerative Disc Diseaserotation</name>
		<pose>Unspecified</pose>
		<truncated>0</truncated>
		<difficult>0</difficult>
		<occluded>0</occluded>
		<bndbox>
			<xmin>140</xmin>
			<xmax>171</xmax>
			<ymin>210</ymin>
			<ymax>224</ymax>
		</bndbox>
	</object>
	<object>
		<name>Disc Bulgerotation</name>
		<pose>Unspecified</pose>
		<truncated>0</truncated>
		<difficult>0</difficult>
		<occluded>0</occluded>
		<bndbox>
			<xmin>144</xmin>
			<xmax>175</xmax>
			<ymin>157</ymin>
			<ymax>170</ymax>
		</bndbox>
	</object>
	<object>
		<name>Disc Bulgerotation</name>
		<pose>Unspecified</pose>
		<truncated>0</truncated>
		<difficult>0</difficult>
		<occluded>0</occluded>
		<bndbox>
			<xmin>140</xmin>
			<xmax>172</xmax>
			<ymin>209</ymin>
			<ymax>224</ymax>
		</bndbox>
	</object>
</annotation>
