<annotation>
	<folder></folder>
	<filename>CervicalDiffuseDiscBulges-Unknown7--5-_jpg.rf.41791a9646e9e5a0fc1c82073bf23ebc.jpg</filename>
	<path>CervicalDiffuseDiscBulges-Unknown7--5-_jpg.rf.41791a9646e9e5a0fc1c82073bf23ebc.jpg</path>
	<source>
		<database>roboflow.com</database>
	</source>
	<size>
		<width>416</width>
		<height>416</height>
		<depth>3</depth>
	</size>
	<segmented>0</segmented>
	<object>
		<name>Annular Disc Relaxationrotation</name>
		<pose>Unspecified</pose>
		<truncated>0</truncated>
		<difficult>0</difficult>
		<occluded>0</occluded>
		<bndbox>
			<xmin>162</xmin>
			<xmax>190</xmax>
			<ymin>175</ymin>
			<ymax>189</ymax>
		</bndbox>
	</object>
	<object>
		<name>Disc Bulgerotation</name>
		<pose>Unspecified</pose>
		<truncated>0</truncated>
		<difficult>0</difficult>
		<occluded>0</occluded>
		<bndbox>
			<xmin>165</xmin>
			<xmax>193</xmax>
			<ymin>201</ymin>
			<ymax>216</ymax>
		</bndbox>
	</object>
	<object>
		<name>Osteophytesrotation</name>
		<pose>Unspecified</pose>
		<truncated>0</truncated>
		<difficult>0</difficult>
		<occluded>0</occluded>
		<bndbox>
			<xmin>165</xmin>
			<xmax>193</xmax>
			<ymin>201</ymin>
			<ymax>216</ymax>
		</bndbox>
	</object>
</annotation>
