<annotation>
	<folder></folder>
	<filename>CervicalDegenerativeDiscDisease-NADIA-ABD-ALRAHIM-MOHAMED-AHMAD--8-_jpg.rf.3adda9a77ffad4ab160c306f70c5bf6d.jpg</filename>
	<path>CervicalDegenerativeDiscDisease-NADIA-ABD-ALRAHIM-MOHAMED-AHMAD--8-_jpg.rf.3adda9a77ffad4ab160c306f70c5bf6d.jpg</path>
	<source>
		<database>roboflow.com</database>
	</source>
	<size>
		<width>416</width>
		<height>416</height>
		<depth>3</depth>
	</size>
	<segmented>0</segmented>
	<object>
		<name>Osteophytesrotation</name>
		<pose>Unspecified</pose>
		<truncated>0</truncated>
		<difficult>0</difficult>
		<occluded>0</occluded>
		<bndbox>
			<xmin>178</xmin>
			<xmax>215</xmax>
			<ymin>195</ymin>
			<ymax>219</ymax>
		</bndbox>
	</object>
	<object>
		<name>Osteophytesrotation</name>
		<pose>Unspecified</pose>
		<truncated>0</truncated>
		<difficult>0</difficult>
		<occluded>0</occluded>
		<bndbox>
			<xmin>184</xmin>
			<xmax>224</xmax>
			<ymin>229</ymin>
			<ymax>247</ymax>
		</bndbox>
	</object>
</annotation>
