<annotation>
	<folder></folder>
	<filename>CervicalDegenerativeDiscDisease-Unknown2--19-_jpg.rf.7935f6c114d41ec81dbb89327fae8271.jpg</filename>
	<path>CervicalDegenerativeDiscDisease-Unknown2--19-_jpg.rf.7935f6c114d41ec81dbb89327fae8271.jpg</path>
	<source>
		<database>roboflow.com</database>
	</source>
	<size>
		<width>416</width>
		<height>416</height>
		<depth>3</depth>
	</size>
	<segmented>0</segmented>
	<object>
		<name>Degenerative Disc Diseaserotation</name>
		<pose>Unspecified</pose>
		<truncated>0</truncated>
		<difficult>0</difficult>
		<occluded>0</occluded>
		<bndbox>
			<xmin>162</xmin>
			<xmax>198</xmax>
			<ymin>305</ymin>
			<ymax>322</ymax>
		</bndbox>
	</object>
	<object>
		<name>Degenerative Disc Diseaserotation</name>
		<pose>Unspecified</pose>
		<truncated>0</truncated>
		<difficult>0</difficult>
		<occluded>0</occluded>
		<bndbox>
			<xmin>158</xmin>
			<xmax>186</xmax>
			<ymin>214</ymin>
			<ymax>230</ymax>
		</bndbox>
	</object>
	<object>
		<name>Degenerative Disc Diseaserotation</name>
		<pose>Unspecified</pose>
		<truncated>0</truncated>
		<difficult>0</difficult>
		<occluded>0</occluded>
		<bndbox>
			<xmin>156</xmin>
			<xmax>190</xmax>
			<ymin>245</ymin>
			<ymax>261</ymax>
		</bndbox>
	</object>
</annotation>
