<annotation>
	<folder></folder>
	<filename>CervicalDegenerativeDiscDisease-Unknown14--5-_jpg.rf.33c460f40ce1aad7e9db692575d3d848.jpg</filename>
	<path>CervicalDegenerativeDiscDisease-Unknown14--5-_jpg.rf.33c460f40ce1aad7e9db692575d3d848.jpg</path>
	<source>
		<database>roboflow.com</database>
	</source>
	<size>
		<width>416</width>
		<height>416</height>
		<depth>3</depth>
	</size>
	<segmented>0</segmented>
	<object>
		<name>Disc Bulgerotation</name>
		<pose>Unspecified</pose>
		<truncated>0</truncated>
		<difficult>0</difficult>
		<occluded>0</occluded>
		<bndbox>
			<xmin>155</xmin>
			<xmax>182</xmax>
			<ymin>175</ymin>
			<ymax>190</ymax>
		</bndbox>
	</object>
	<object>
		<name>Disc Bulgerotation</name>
		<pose>Unspecified</pose>
		<truncated>0</truncated>
		<difficult>0</difficult>
		<occluded>0</occluded>
		<bndbox>
			<xmin>162</xmin>
			<xmax>194</xmax>
			<ymin>251</ymin>
			<ymax>266</ymax>
		</bndbox>
	</object>
	<object>
		<name>Disc Bulgerotation</name>
		<pose>Unspecified</pose>
		<truncated>0</truncated>
		<difficult>0</difficult>
		<occluded>0</occluded>
		<bndbox>
			<xmin>155</xmin>
			<xmax>184</xmax>
			<ymin>201</ymin>
			<ymax>215</ymax>
		</bndbox>
	</object>
	<object>
		<name>Disc Bulgerotation</name>
		<pose>Unspecified</pose>
		<truncated>0</truncated>
		<difficult>0</difficult>
		<occluded>0</occluded>
		<bndbox>
			<xmin>156</xmin>
			<xmax>191</xmax>
			<ymin>226</ymin>
			<ymax>242</ymax>
		</bndbox>
	</object>
</annotation>
