<annotation>
	<folder></folder>
	<filename>CervicalMultilevelDegenerativeDiscDisease-MAGDA-AHMAD-ALSAYED--5-_jpg.rf.9e1f9bef4d70cac3ba54ce0592fb27a5.jpg</filename>
	<path>CervicalMultilevelDegenerativeDiscDisease-MAGDA-AHMAD-ALSAYED--5-_jpg.rf.9e1f9bef4d70cac3ba54ce0592fb27a5.jpg</path>
	<source>
		<database>roboflow.com</database>
	</source>
	<size>
		<width>416</width>
		<height>416</height>
		<depth>3</depth>
	</size>
	<segmented>0</segmented>
	<object>
		<name>Disc Bulgerotation</name>
		<pose>Unspecified</pose>
		<truncated>0</truncated>
		<difficult>0</difficult>
		<occluded>0</occluded>
		<bndbox>
			<xmin>180</xmin>
			<xmax>220</xmax>
			<ymin>201</ymin>
			<ymax>216</ymax>
		</bndbox>
	</object>
	<object>
		<name>Disc Bulgerotation</name>
		<pose>Unspecified</pose>
		<truncated>0</truncated>
		<difficult>0</difficult>
		<occluded>0</occluded>
		<bndbox>
			<xmin>168</xmin>
			<xmax>203</xmax>
			<ymin>142</ymin>
			<ymax>157</ymax>
		</bndbox>
	</object>
	<object>
		<name>Disc Bulgerotation</name>
		<pose>Unspecified</pose>
		<truncated>0</truncated>
		<difficult>0</difficult>
		<occluded>0</occluded>
		<bndbox>
			<xmin>178</xmin>
			<xmax>213</xmax>
			<ymin>170</ymin>
			<ymax>189</ymax>
		</bndbox>
	</object>
	<object>
		<name>Disc Protrusionrotation</name>
		<pose>Unspecified</pose>
		<truncated>0</truncated>
		<difficult>0</difficult>
		<occluded>0</occluded>
		<bndbox>
			<xmin>180</xmin>
			<xmax>220</xmax>
			<ymin>201</ymin>
			<ymax>216</ymax>
		</bndbox>
	</object>
</annotation>
