<annotation>
	<folder></folder>
	<filename>CervicalMultilevelDegenerativeDiscDisease-MONA-IBRAHIM-KHAMES-KHALAL--7-_jpg.rf.8355342787e888cafcf08f741d125e31.jpg</filename>
	<path>CervicalMultilevelDegenerativeDiscDisease-MONA-IBRAHIM-KHAMES-KHALAL--7-_jpg.rf.8355342787e888cafcf08f741d125e31.jpg</path>
	<source>
		<database>roboflow.com</database>
	</source>
	<size>
		<width>416</width>
		<height>416</height>
		<depth>3</depth>
	</size>
	<segmented>0</segmented>
	<object>
		<name>Disc Protrusionrotation</name>
		<pose>Unspecified</pose>
		<truncated>0</truncated>
		<difficult>0</difficult>
		<occluded>0</occluded>
		<bndbox>
			<xmin>200</xmin>
			<xmax>238</xmax>
			<ymin>283</ymin>
			<ymax>302</ymax>
		</bndbox>
	</object>
	<object>
		<name>Disc Protrusionrotation</name>
		<pose>Unspecified</pose>
		<truncated>0</truncated>
		<difficult>0</difficult>
		<occluded>0</occluded>
		<bndbox>
			<xmin>179</xmin>
			<xmax>219</xmax>
			<ymin>187</ymin>
			<ymax>206</ymax>
		</bndbox>
	</object>
	<object>
		<name>Disc Protrusionrotation</name>
		<pose>Unspecified</pose>
		<truncated>0</truncated>
		<difficult>0</difficult>
		<occluded>0</occluded>
		<bndbox>
			<xmin>187</xmin>
			<xmax>229</xmax>
			<ymin>254</ymin>
			<ymax>274</ymax>
		</bndbox>
	</object>
</annotation>
