<annotation>
	<folder></folder>
	<filename>CervicalSpondylodegenerativeChanges-MOHAMED-YAHIA-almtouli-NASEF--16-_jpg.rf.89f17fdeac79cfe25a38bbfb06ff166c.jpg</filename>
	<path>CervicalSpondylodegenerativeChanges-MOHAMED-YAHIA-almtouli-NASEF--16-_jpg.rf.89f17fdeac79cfe25a38bbfb06ff166c.jpg</path>
	<source>
		<database>roboflow.com</database>
	</source>
	<size>
		<width>416</width>
		<height>416</height>
		<depth>3</depth>
	</size>
	<segmented>0</segmented>
	<object>
		<name>Disc Protrusionrotation</name>
		<pose>Unspecified</pose>
		<truncated>0</truncated>
		<difficult>0</difficult>
		<occluded>0</occluded>
		<bndbox>
			<xmin>170</xmin>
			<xmax>204</xmax>
			<ymin>167</ymin>
			<ymax>186</ymax>
		</bndbox>
	</object>
	<object>
		<name>Disc Protrusionrotation</name>
		<pose>Unspecified</pose>
		<truncated>0</truncated>
		<difficult>0</difficult>
		<occluded>0</occluded>
		<bndbox>
			<xmin>196</xmin>
			<xmax>239</xmax>
			<ymin>303</ymin>
			<ymax>321</ymax>
		</bndbox>
	</object>
	<object>
		<name>Osteophytesrotation</name>
		<pose>Unspecified</pose>
		<truncated>0</truncated>
		<difficult>0</difficult>
		<occluded>0</occluded>
		<bndbox>
			<xmin>170</xmin>
			<xmax>204</xmax>
			<ymin>167</ymin>
			<ymax>187</ymax>
		</bndbox>
	</object>
</annotation>
