<annotation>
	<folder></folder>
	<filename>CervicalDiffuseDiscBulges-AHMAD-MOHAMED-ABD-ALRAHMAN--8-_jpg.rf.062c8558c3a24c0c687a4b26c571c9a9.jpg</filename>
	<path>CervicalDiffuseDiscBulges-AHMAD-MOHAMED-ABD-ALRAHMAN--8-_jpg.rf.062c8558c3a24c0c687a4b26c571c9a9.jpg</path>
	<source>
		<database>roboflow.com</database>
	</source>
	<size>
		<width>416</width>
		<height>416</height>
		<depth>3</depth>
	</size>
	<segmented>0</segmented>
	<object>
		<name>Disc Bulgerotation</name>
		<pose>Unspecified</pose>
		<truncated>0</truncated>
		<difficult>0</difficult>
		<occluded>0</occluded>
		<bndbox>
			<xmin>170</xmin>
			<xmax>202</xmax>
			<ymin>239</ymin>
			<ymax>254</ymax>
		</bndbox>
	</object>
</annotation>
