<annotation>
	<folder></folder>
	<filename>CervicalDegenerativeDiscDisease-Unknown12--8-_jpg.rf.b51da2fc7b9c7902516e00737a2dfd05.jpg</filename>
	<path>CervicalDegenerativeDiscDisease-Unknown12--8-_jpg.rf.b51da2fc7b9c7902516e00737a2dfd05.jpg</path>
	<source>
		<database>roboflow.com</database>
	</source>
	<size>
		<width>416</width>
		<height>416</height>
		<depth>3</depth>
	</size>
	<segmented>0</segmented>
	<object>
		<name>Degenerative Disc Diseaserotation</name>
		<pose>Unspecified</pose>
		<truncated>0</truncated>
		<difficult>0</difficult>
		<occluded>0</occluded>
		<bndbox>
			<xmin>144</xmin>
			<xmax>172</xmax>
			<ymin>224</ymin>
			<ymax>242</ymax>
		</bndbox>
	</object>
</annotation>
