<annotation>
	<folder></folder>
	<filename>CervicalSpondylodegenerativeChanges-BUSAYNA-HESSIEN-MOHAMED-IBRAHIM--18-_jpg.rf.861a52934a9bfecd2a0d48a1aa7f5d71.jpg</filename>
	<path>CervicalSpondylodegenerativeChanges-BUSAYNA-HESSIEN-MOHAMED-IBRAHIM--18-_jpg.rf.861a52934a9bfecd2a0d48a1aa7f5d71.jpg</path>
	<source>
		<database>roboflow.com</database>
	</source>
	<size>
		<width>416</width>
		<height>416</height>
		<depth>3</depth>
	</size>
	<segmented>0</segmented>
	<object>
		<name>Disc Bulgerotation</name>
		<pose>Unspecified</pose>
		<truncated>0</truncated>
		<difficult>0</difficult>
		<occluded>0</occluded>
		<bndbox>
			<xmin>187</xmin>
			<xmax>223</xmax>
			<ymin>232</ymin>
			<ymax>247</ymax>
		</bndbox>
	</object>
</annotation>
