<annotation>
	<folder></folder>
	<filename>CervicalDiffuseDiscBulges-ATIYAT-ALSAYED-MOHAMED-HAMAAD--16-_jpg.rf.0d825c41de24b3dced160db8ad1ce506.jpg</filename>
	<path>CervicalDiffuseDiscBulges-ATIYAT-ALSAYED-MOHAMED-HAMAAD--16-_jpg.rf.0d825c41de24b3dced160db8ad1ce506.jpg</path>
	<source>
		<database>roboflow.com</database>
	</source>
	<size>
		<width>416</width>
		<height>416</height>
		<depth>3</depth>
	</size>
	<segmented>0</segmented>
	<object>
		<name>Disc Bulgerotation</name>
		<pose>Unspecified</pose>
		<truncated>0</truncated>
		<difficult>0</difficult>
		<occluded>0</occluded>
		<bndbox>
			<xmin>186</xmin>
			<xmax>224</xmax>
			<ymin>248</ymin>
			<ymax>270</ymax>
		</bndbox>
	</object>
	<object>
		<name>Disc Bulgerotation</name>
		<pose>Unspecified</pose>
		<truncated>0</truncated>
		<difficult>0</difficult>
		<occluded>0</occluded>
		<bndbox>
			<xmin>180</xmin>
			<xmax>220</xmax>
			<ymin>220</ymin>
			<ymax>241</ymax>
		</bndbox>
	</object>
</annotation>
