<annotation>
	<folder></folder>
	<filename>CervicalSpondylodegenerativeChanges-DOAA-HAMDE-ABD-AL-AZIZ-ALSAYED--15-_jpg.rf.b949ef895c02f469d461956c60ea1102.jpg</filename>
	<path>CervicalSpondylodegenerativeChanges-DOAA-HAMDE-ABD-AL-AZIZ-ALSAYED--15-_jpg.rf.b949ef895c02f469d461956c60ea1102.jpg</path>
	<source>
		<database>roboflow.com</database>
	</source>
	<size>
		<width>416</width>
		<height>416</height>
		<depth>3</depth>
	</size>
	<segmented>0</segmented>
	<object>
		<name>Disc Bulgerotation</name>
		<pose>Unspecified</pose>
		<truncated>0</truncated>
		<difficult>0</difficult>
		<occluded>0</occluded>
		<bndbox>
			<xmin>197</xmin>
			<xmax>227</xmax>
			<ymin>230</ymin>
			<ymax>244</ymax>
		</bndbox>
	</object>
	<object>
		<name>Disc Bulgerotation</name>
		<pose>Unspecified</pose>
		<truncated>0</truncated>
		<difficult>0</difficult>
		<occluded>0</occluded>
		<bndbox>
			<xmin>188</xmin>
			<xmax>215</xmax>
			<ymin>206</ymin>
			<ymax>220</ymax>
		</bndbox>
	</object>
	<object>
		<name>Disc Bulgerotation</name>
		<pose>Unspecified</pose>
		<truncated>0</truncated>
		<difficult>0</difficult>
		<occluded>0</occluded>
		<bndbox>
			<xmin>207</xmin>
			<xmax>237</xmax>
			<ymin>253</ymin>
			<ymax>266</ymax>
		</bndbox>
	</object>
</annotation>
