<annotation>
	<folder></folder>
	<filename>CervicalMultilevelDegenerativeDiscDisease-Unknown15--21-_jpg.rf.cceced2f92d41864a9c6055e8984efa1.jpg</filename>
	<path>CervicalMultilevelDegenerativeDiscDisease-Unknown15--21-_jpg.rf.cceced2f92d41864a9c6055e8984efa1.jpg</path>
	<source>
		<database>roboflow.com</database>
	</source>
	<size>
		<width>416</width>
		<height>416</height>
		<depth>3</depth>
	</size>
	<segmented>0</segmented>
	<object>
		<name>Disc Bulgerotation</name>
		<pose>Unspecified</pose>
		<truncated>0</truncated>
		<difficult>0</difficult>
		<occluded>0</occluded>
		<bndbox>
			<xmin>173</xmin>
			<xmax>203</xmax>
			<ymin>251</ymin>
			<ymax>267</ymax>
		</bndbox>
	</object>
	<object>
		<name>Disc Bulgerotation</name>
		<pose>Unspecified</pose>
		<truncated>0</truncated>
		<difficult>0</difficult>
		<occluded>0</occluded>
		<bndbox>
			<xmin>170</xmin>
			<xmax>197</xmax>
			<ymin>227</ymin>
			<ymax>243</ymax>
		</bndbox>
	</object>
	<object>
		<name>Disc Bulgerotation</name>
		<pose>Unspecified</pose>
		<truncated>0</truncated>
		<difficult>0</difficult>
		<occluded>0</occluded>
		<bndbox>
			<xmin>158</xmin>
			<xmax>181</xmax>
			<ymin>177</ymin>
			<ymax>190</ymax>
		</bndbox>
	</object>
	<object>
		<name>Disc Bulgerotation</name>
		<pose>Unspecified</pose>
		<truncated>0</truncated>
		<difficult>0</difficult>
		<occluded>0</occluded>
		<bndbox>
			<xmin>181</xmin>
			<xmax>209</xmax>
			<ymin>275</ymin>
			<ymax>289</ymax>
		</bndbox>
	</object>
	<object>
		<name>Disc Bulgerotation</name>
		<pose>Unspecified</pose>
		<truncated>0</truncated>
		<difficult>0</difficult>
		<occluded>0</occluded>
		<bndbox>
			<xmin>163</xmin>
			<xmax>190</xmax>
			<ymin>201</ymin>
			<ymax>215</ymax>
		</bndbox>
	</object>
	<object>
		<name>Disc Herniationrotation</name>
		<pose>Unspecified</pose>
		<truncated>0</truncated>
		<difficult>0</difficult>
		<occluded>0</occluded>
		<bndbox>
			<xmin>193</xmin>
			<xmax>220</xmax>
			<ymin>300</ymin>
			<ymax>314</ymax>
		</bndbox>
	</object>
</annotation>
