<annotation>
	<folder></folder>
	<filename>CervicalSpondylodegenerativeChanges-MOHAMED-YAHIA-almtouli-NASEF--20-_jpg.rf.c1972cc71052dd0aea18debbcf141d7a.jpg</filename>
	<path>CervicalSpondylodegenerativeChanges-MOHAMED-YAHIA-almtouli-NASEF--20-_jpg.rf.c1972cc71052dd0aea18debbcf141d7a.jpg</path>
	<source>
		<database>roboflow.com</database>
	</source>
	<size>
		<width>416</width>
		<height>416</height>
		<depth>3</depth>
	</size>
	<segmented>0</segmented>
	<object>
		<name>Osteophytesrotation</name>
		<pose>Unspecified</pose>
		<truncated>0</truncated>
		<difficult>0</difficult>
		<occluded>0</occluded>
		<bndbox>
			<xmin>167</xmin>
			<xmax>205</xmax>
			<ymin>167</ymin>
			<ymax>186</ymax>
		</bndbox>
	</object>
	<object>
		<name>Disc Protrusionrotation</name>
		<pose>Unspecified</pose>
		<truncated>0</truncated>
		<difficult>0</difficult>
		<occluded>0</occluded>
		<bndbox>
			<xmin>200</xmin>
			<xmax>237</xmax>
			<ymin>304</ymin>
			<ymax>321</ymax>
		</bndbox>
	</object>
	<object>
		<name>Disc Protrusionrotation</name>
		<pose>Unspecified</pose>
		<truncated>0</truncated>
		<difficult>0</difficult>
		<occluded>0</occluded>
		<bndbox>
			<xmin>167</xmin>
			<xmax>205</xmax>
			<ymin>167</ymin>
			<ymax>186</ymax>
		</bndbox>
	</object>
</annotation>
