<annotation>
	<folder></folder>
	<filename>CervicalSpondylodegenerativeChanges-BUSAYNA-HESSIEN-MOHAMED-IBRAHIM--21-_jpg.rf.e857c72ee26fcf372d33bf6c125946a5.jpg</filename>
	<path>CervicalSpondylodegenerativeChanges-BUSAYNA-HESSIEN-MOHAMED-IBRAHIM--21-_jpg.rf.e857c72ee26fcf372d33bf6c125946a5.jpg</path>
	<source>
		<database>roboflow.com</database>
	</source>
	<size>
		<width>416</width>
		<height>416</height>
		<depth>3</depth>
	</size>
	<segmented>0</segmented>
	<object>
		<name>Disc Bulgerotation</name>
		<pose>Unspecified</pose>
		<truncated>0</truncated>
		<difficult>0</difficult>
		<occluded>0</occluded>
		<bndbox>
			<xmin>187</xmin>
			<xmax>223</xmax>
			<ymin>230</ymin>
			<ymax>246</ymax>
		</bndbox>
	</object>
</annotation>
