<annotation>
	<folder></folder>
	<filename>CervicalMultilevelDegenerativeDiscDisease-Unknown15--8-_jpg.rf.f45841e47e89aa0675442a6690f5cfe2.jpg</filename>
	<path>CervicalMultilevelDegenerativeDiscDisease-Unknown15--8-_jpg.rf.f45841e47e89aa0675442a6690f5cfe2.jpg</path>
	<source>
		<database>roboflow.com</database>
	</source>
	<size>
		<width>416</width>
		<height>416</height>
		<depth>3</depth>
	</size>
	<segmented>0</segmented>
	<object>
		<name>Disc Bulgerotation</name>
		<pose>Unspecified</pose>
		<truncated>0</truncated>
		<difficult>0</difficult>
		<occluded>0</occluded>
		<bndbox>
			<xmin>156</xmin>
			<xmax>185</xmax>
			<ymin>178</ymin>
			<ymax>193</ymax>
		</bndbox>
	</object>
	<object>
		<name>Disc Bulgerotation</name>
		<pose>Unspecified</pose>
		<truncated>0</truncated>
		<difficult>0</difficult>
		<occluded>0</occluded>
		<bndbox>
			<xmin>181</xmin>
			<xmax>209</xmax>
			<ymin>275</ymin>
			<ymax>292</ymax>
		</bndbox>
	</object>
	<object>
		<name>Disc Bulgerotation</name>
		<pose>Unspecified</pose>
		<truncated>0</truncated>
		<difficult>0</difficult>
		<occluded>0</occluded>
		<bndbox>
			<xmin>169</xmin>
			<xmax>196</xmax>
			<ymin>227</ymin>
			<ymax>244</ymax>
		</bndbox>
	</object>
	<object>
		<name>Disc Herniationrotation</name>
		<pose>Unspecified</pose>
		<truncated>0</truncated>
		<difficult>0</difficult>
		<occluded>0</occluded>
		<bndbox>
			<xmin>194</xmin>
			<xmax>219</xmax>
			<ymin>300</ymin>
			<ymax>315</ymax>
		</bndbox>
	</object>
	<object>
		<name>Disc Bulgerotation</name>
		<pose>Unspecified</pose>
		<truncated>0</truncated>
		<difficult>0</difficult>
		<occluded>0</occluded>
		<bndbox>
			<xmin>175</xmin>
			<xmax>202</xmax>
			<ymin>252</ymin>
			<ymax>268</ymax>
		</bndbox>
	</object>
	<object>
		<name>Disc Bulgerotation</name>
		<pose>Unspecified</pose>
		<truncated>0</truncated>
		<difficult>0</difficult>
		<occluded>0</occluded>
		<bndbox>
			<xmin>162</xmin>
			<xmax>189</xmax>
			<ymin>203</ymin>
			<ymax>219</ymax>
		</bndbox>
	</object>
</annotation>
