<annotation>
	<folder></folder>
	<filename>CervicalDegenerativeDiscDisease-EMAD-ABD-alhkm-ABD-ALHAKIM--4-_jpg.rf.df72f0979bfe1c2c3209595976af858a.jpg</filename>
	<path>CervicalDegenerativeDiscDisease-EMAD-ABD-alhkm-ABD-ALHAKIM--4-_jpg.rf.df72f0979bfe1c2c3209595976af858a.jpg</path>
	<source>
		<database>roboflow.com</database>
	</source>
	<size>
		<width>416</width>
		<height>416</height>
		<depth>3</depth>
	</size>
	<segmented>0</segmented>
	<object>
		<name>Disc Bulgerotation</name>
		<pose>Unspecified</pose>
		<truncated>0</truncated>
		<difficult>0</difficult>
		<occluded>0</occluded>
		<bndbox>
			<xmin>173</xmin>
			<xmax>206</xmax>
			<ymin>203</ymin>
			<ymax>221</ymax>
		</bndbox>
	</object>
	<object>
		<name>Disc Bulgerotation</name>
		<pose>Unspecified</pose>
		<truncated>0</truncated>
		<difficult>0</difficult>
		<occluded>0</occluded>
		<bndbox>
			<xmin>183</xmin>
			<xmax>220</xmax>
			<ymin>266</ymin>
			<ymax>282</ymax>
		</bndbox>
	</object>
</annotation>
