<annotation>
	<folder></folder>
	<filename>CervicalDiffuseDiscBulges-MAHA-MOSTAFA-KASSEM-DASOKI--18-_jpg.rf.f8aa7bbf18522f85dd256958127a5e03.jpg</filename>
	<path>CervicalDiffuseDiscBulges-MAHA-MOSTAFA-KASSEM-DASOKI--18-_jpg.rf.f8aa7bbf18522f85dd256958127a5e03.jpg</path>
	<source>
		<database>roboflow.com</database>
	</source>
	<size>
		<width>416</width>
		<height>416</height>
		<depth>3</depth>
	</size>
	<segmented>0</segmented>
	<object>
		<name>Disc Bulgerotation</name>
		<pose>Unspecified</pose>
		<truncated>0</truncated>
		<difficult>0</difficult>
		<occluded>0</occluded>
		<bndbox>
			<xmin>185</xmin>
			<xmax>217</xmax>
			<ymin>229</ymin>
			<ymax>244</ymax>
		</bndbox>
	</object>
	<object>
		<name>Disc Bulgerotation</name>
		<pose>Unspecified</pose>
		<truncated>0</truncated>
		<difficult>0</difficult>
		<occluded>0</occluded>
		<bndbox>
			<xmin>190</xmin>
			<xmax>224</xmax>
			<ymin>254</ymin>
			<ymax>270</ymax>
		</bndbox>
	</object>
</annotation>
