<annotation>
	<folder></folder>
	<filename>CervicalDiffuseDiscBulges-AHMAD-MOHAMED-KAMAL-ABD-AL-AZIZ--9-_jpg.rf.263d7d156d554bae0d3e68b65b78965e.jpg</filename>
	<path>CervicalDiffuseDiscBulges-AHMAD-MOHAMED-KAMAL-ABD-AL-AZIZ--9-_jpg.rf.263d7d156d554bae0d3e68b65b78965e.jpg</path>
	<source>
		<database>roboflow.com</database>
	</source>
	<size>
		<width>416</width>
		<height>416</height>
		<depth>3</depth>
	</size>
	<segmented>0</segmented>
	<object>
		<name>Disc Bulgerotation</name>
		<pose>Unspecified</pose>
		<truncated>0</truncated>
		<difficult>0</difficult>
		<occluded>0</occluded>
		<bndbox>
			<xmin>174</xmin>
			<xmax>206</xmax>
			<ymin>165</ymin>
			<ymax>178</ymax>
		</bndbox>
	</object>
	<object>
		<name>Disc Bulgerotation</name>
		<pose>Unspecified</pose>
		<truncated>0</truncated>
		<difficult>0</difficult>
		<occluded>0</occluded>
		<bndbox>
			<xmin>183</xmin>
			<xmax>214</xmax>
			<ymin>267</ymin>
			<ymax>283</ymax>
		</bndbox>
	</object>
</annotation>
