<annotation>
	<folder></folder>
	<filename>CervicalSpondylodegenerativeChanges-BUSAYNA-HESSIEN-MOHAMED-IBRAHIM--20-_jpg.rf.965b9878aab3bdd12ac8251ac6c7a2d7.jpg</filename>
	<path>CervicalSpondylodegenerativeChanges-BUSAYNA-HESSIEN-MOHAMED-IBRAHIM--20-_jpg.rf.965b9878aab3bdd12ac8251ac6c7a2d7.jpg</path>
	<source>
		<database>roboflow.com</database>
	</source>
	<size>
		<width>416</width>
		<height>416</height>
		<depth>3</depth>
	</size>
	<segmented>0</segmented>
	<object>
		<name>Disc Bulgerotation</name>
		<pose>Unspecified</pose>
		<truncated>0</truncated>
		<difficult>0</difficult>
		<occluded>0</occluded>
		<bndbox>
			<xmin>185</xmin>
			<xmax>221</xmax>
			<ymin>232</ymin>
			<ymax>247</ymax>
		</bndbox>
	</object>
</annotation>
