<annotation>
	<folder></folder>
	<filename>CervicalDiffuseDiscBulges-AHMAD-MOHAMED-KAMAL-ABD-AL-AZIZ--13-_jpg.rf.60972a4f6c682e5623ed987e49429d10.jpg</filename>
	<path>CervicalDiffuseDiscBulges-AHMAD-MOHAMED-KAMAL-ABD-AL-AZIZ--13-_jpg.rf.60972a4f6c682e5623ed987e49429d10.jpg</path>
	<source>
		<database>roboflow.com</database>
	</source>
	<size>
		<width>416</width>
		<height>416</height>
		<depth>3</depth>
	</size>
	<segmented>0</segmented>
	<object>
		<name>Disc Bulgerotation</name>
		<pose>Unspecified</pose>
		<truncated>0</truncated>
		<difficult>0</difficult>
		<occluded>0</occluded>
		<bndbox>
			<xmin>174</xmin>
			<xmax>205</xmax>
			<ymin>165</ymin>
			<ymax>180</ymax>
		</bndbox>
	</object>
	<object>
		<name>Disc Bulgerotation</name>
		<pose>Unspecified</pose>
		<truncated>0</truncated>
		<difficult>0</difficult>
		<occluded>0</occluded>
		<bndbox>
			<xmin>183</xmin>
			<xmax>215</xmax>
			<ymin>264</ymin>
			<ymax>289</ymax>
		</bndbox>
	</object>
</annotation>
