<annotation>
	<folder></folder>
	<filename>CervicalDiffuseDiscBulges-ATIYAT-ALSAYED-MOHAMED-HAMAAD--10-_jpg.rf.55a4f7ae48159ca20e6761b00262e19f.jpg</filename>
	<path>CervicalDiffuseDiscBulges-ATIYAT-ALSAYED-MOHAMED-HAMAAD--10-_jpg.rf.55a4f7ae48159ca20e6761b00262e19f.jpg</path>
	<source>
		<database>roboflow.com</database>
	</source>
	<size>
		<width>416</width>
		<height>416</height>
		<depth>3</depth>
	</size>
	<segmented>0</segmented>
	<object>
		<name>Disc Bulgerotation</name>
		<pose>Unspecified</pose>
		<truncated>0</truncated>
		<difficult>0</difficult>
		<occluded>0</occluded>
		<bndbox>
			<xmin>182</xmin>
			<xmax>224</xmax>
			<ymin>250</ymin>
			<ymax>273</ymax>
		</bndbox>
	</object>
	<object>
		<name>Disc Bulgerotation</name>
		<pose>Unspecified</pose>
		<truncated>0</truncated>
		<difficult>0</difficult>
		<occluded>0</occluded>
		<bndbox>
			<xmin>180</xmin>
			<xmax>216</xmax>
			<ymin>219</ymin>
			<ymax>242</ymax>
		</bndbox>
	</object>
</annotation>
