<annotation>
	<folder></folder>
	<filename>CervicalSpondylodegenerativeChanges-Unknown4--2-_jpg.rf.49134739e9efccb725134a2757e50d7a.jpg</filename>
	<path>CervicalSpondylodegenerativeChanges-Unknown4--2-_jpg.rf.49134739e9efccb725134a2757e50d7a.jpg</path>
	<source>
		<database>roboflow.com</database>
	</source>
	<size>
		<width>416</width>
		<height>416</height>
		<depth>3</depth>
	</size>
	<segmented>0</segmented>
	<object>
		<name>Disc Bulgerotation</name>
		<pose>Unspecified</pose>
		<truncated>0</truncated>
		<difficult>0</difficult>
		<occluded>0</occluded>
		<bndbox>
			<xmin>180</xmin>
			<xmax>208</xmax>
			<ymin>250</ymin>
			<ymax>263</ymax>
		</bndbox>
	</object>
	<object>
		<name>Disc Bulgerotation</name>
		<pose>Unspecified</pose>
		<truncated>0</truncated>
		<difficult>0</difficult>
		<occluded>0</occluded>
		<bndbox>
			<xmin>178</xmin>
			<xmax>205</xmax>
			<ymin>221</ymin>
			<ymax>239</ymax>
		</bndbox>
	</object>
</annotation>
