<annotation>
	<folder></folder>
	<filename>CervicalSpondylodegenerativeChanges-MOHAMED-YAHIA-almtouli-NASEF--13-_jpg.rf.a976e478cea5ecfb6c50138ce8384194.jpg</filename>
	<path>CervicalSpondylodegenerativeChanges-MOHAMED-YAHIA-almtouli-NASEF--13-_jpg.rf.a976e478cea5ecfb6c50138ce8384194.jpg</path>
	<source>
		<database>roboflow.com</database>
	</source>
	<size>
		<width>416</width>
		<height>416</height>
		<depth>3</depth>
	</size>
	<segmented>0</segmented>
	<object>
		<name>Osteophytesrotation</name>
		<pose>Unspecified</pose>
		<truncated>0</truncated>
		<difficult>0</difficult>
		<occluded>0</occluded>
		<bndbox>
			<xmin>173</xmin>
			<xmax>206</xmax>
			<ymin>164</ymin>
			<ymax>181</ymax>
		</bndbox>
	</object>
	<object>
		<name>Disc Protrusionrotation</name>
		<pose>Unspecified</pose>
		<truncated>0</truncated>
		<difficult>0</difficult>
		<occluded>0</occluded>
		<bndbox>
			<xmin>202</xmin>
			<xmax>237</xmax>
			<ymin>300</ymin>
			<ymax>322</ymax>
		</bndbox>
	</object>
	<object>
		<name>Disc Protrusionrotation</name>
		<pose>Unspecified</pose>
		<truncated>0</truncated>
		<difficult>0</difficult>
		<occluded>0</occluded>
		<bndbox>
			<xmin>173</xmin>
			<xmax>206</xmax>
			<ymin>164</ymin>
			<ymax>181</ymax>
		</bndbox>
	</object>
</annotation>
