<annotation>
	<folder></folder>
	<filename>CervicalMultilevelDegenerativeDiscDisease-AMIRA-SHAWAKAT-ALSAYED-AMER--7-_jpg.rf.7031937a0b156a231a73c80a2ed6e127.jpg</filename>
	<path>CervicalMultilevelDegenerativeDiscDisease-AMIRA-SHAWAKAT-ALSAYED-AMER--7-_jpg.rf.7031937a0b156a231a73c80a2ed6e127.jpg</path>
	<source>
		<database>roboflow.com</database>
	</source>
	<size>
		<width>416</width>
		<height>416</height>
		<depth>3</depth>
	</size>
	<segmented>0</segmented>
	<object>
		<name>Disc Protrusionrotation</name>
		<pose>Unspecified</pose>
		<truncated>0</truncated>
		<difficult>0</difficult>
		<occluded>0</occluded>
		<bndbox>
			<xmin>157</xmin>
			<xmax>192</xmax>
			<ymin>280</ymin>
			<ymax>293</ymax>
		</bndbox>
	</object>
	<object>
		<name>Disc Protrusionrotation</name>
		<pose>Unspecified</pose>
		<truncated>0</truncated>
		<difficult>0</difficult>
		<occluded>0</occluded>
		<bndbox>
			<xmin>149</xmin>
			<xmax>182</xmax>
			<ymin>195</ymin>
			<ymax>210</ymax>
		</bndbox>
	</object>
	<object>
		<name>Disc Protrusionrotation</name>
		<pose>Unspecified</pose>
		<truncated>0</truncated>
		<difficult>0</difficult>
		<occluded>0</occluded>
		<bndbox>
			<xmin>151</xmin>
			<xmax>182</xmax>
			<ymin>252</ymin>
			<ymax>265</ymax>
		</bndbox>
	</object>
</annotation>
