<annotation>
	<folder></folder>
	<filename>CervicalDiffuseDiscBulges-ATIYAT-ALSAYED-MOHAMED-HAMAAD--12-_jpg.rf.46d08f6cb1162e83f2d15a838e87f468.jpg</filename>
	<path>CervicalDiffuseDiscBulges-ATIYAT-ALSAYED-MOHAMED-HAMAAD--12-_jpg.rf.46d08f6cb1162e83f2d15a838e87f468.jpg</path>
	<source>
		<database>roboflow.com</database>
	</source>
	<size>
		<width>416</width>
		<height>416</height>
		<depth>3</depth>
	</size>
	<segmented>0</segmented>
	<object>
		<name>Disc Bulgerotation</name>
		<pose>Unspecified</pose>
		<truncated>0</truncated>
		<difficult>0</difficult>
		<occluded>0</occluded>
		<bndbox>
			<xmin>184</xmin>
			<xmax>223</xmax>
			<ymin>250</ymin>
			<ymax>272</ymax>
		</bndbox>
	</object>
	<object>
		<name>Disc Bulgerotation</name>
		<pose>Unspecified</pose>
		<truncated>0</truncated>
		<difficult>0</difficult>
		<occluded>0</occluded>
		<bndbox>
			<xmin>182</xmin>
			<xmax>215</xmax>
			<ymin>222</ymin>
			<ymax>244</ymax>
		</bndbox>
	</object>
</annotation>
