<annotation>
	<folder></folder>
	<filename>CervicalDiffuseDiscBulges-Unknown16--14-_jpg.rf.a0569704ed4b0ce360439d0991254ed2.jpg</filename>
	<path>CervicalDiffuseDiscBulges-Unknown16--14-_jpg.rf.a0569704ed4b0ce360439d0991254ed2.jpg</path>
	<source>
		<database>roboflow.com</database>
	</source>
	<size>
		<width>416</width>
		<height>416</height>
		<depth>3</depth>
	</size>
	<segmented>0</segmented>
	<object>
		<name>Disc Protrusionrotation</name>
		<pose>Unspecified</pose>
		<truncated>0</truncated>
		<difficult>0</difficult>
		<occluded>0</occluded>
		<bndbox>
			<xmin>156</xmin>
			<xmax>189</xmax>
			<ymin>243</ymin>
			<ymax>259</ymax>
		</bndbox>
	</object>
	<object>
		<name>Disc Bulgerotation</name>
		<pose>Unspecified</pose>
		<truncated>0</truncated>
		<difficult>0</difficult>
		<occluded>0</occluded>
		<bndbox>
			<xmin>154</xmin>
			<xmax>184</xmax>
			<ymin>220</ymin>
			<ymax>234</ymax>
		</bndbox>
	</object>
	<object>
		<name>Disc Protrusionrotation</name>
		<pose>Unspecified</pose>
		<truncated>0</truncated>
		<difficult>0</difficult>
		<occluded>0</occluded>
		<bndbox>
			<xmin>151</xmin>
			<xmax>182</xmax>
			<ymin>196</ymin>
			<ymax>212</ymax>
		</bndbox>
	</object>
</annotation>
