<annotation>
	<folder></folder>
	<filename>CervicalSpondylodegenerativeChanges-DOAA-HAMDE-ABD-AL-AZIZ-ALSAYED--16-_jpg.rf.8bb8d8e3a7cada62e7f75a26e883c8d8.jpg</filename>
	<path>CervicalSpondylodegenerativeChanges-DOAA-HAMDE-ABD-AL-AZIZ-ALSAYED--16-_jpg.rf.8bb8d8e3a7cada62e7f75a26e883c8d8.jpg</path>
	<source>
		<database>roboflow.com</database>
	</source>
	<size>
		<width>416</width>
		<height>416</height>
		<depth>3</depth>
	</size>
	<segmented>0</segmented>
	<object>
		<name>Disc Bulgerotation</name>
		<pose>Unspecified</pose>
		<truncated>0</truncated>
		<difficult>0</difficult>
		<occluded>0</occluded>
		<bndbox>
			<xmin>200</xmin>
			<xmax>229</xmax>
			<ymin>227</ymin>
			<ymax>242</ymax>
		</bndbox>
	</object>
	<object>
		<name>Disc Bulgerotation</name>
		<pose>Unspecified</pose>
		<truncated>0</truncated>
		<difficult>0</difficult>
		<occluded>0</occluded>
		<bndbox>
			<xmin>188</xmin>
			<xmax>216</xmax>
			<ymin>205</ymin>
			<ymax>219</ymax>
		</bndbox>
	</object>
	<object>
		<name>Disc Bulgerotation</name>
		<pose>Unspecified</pose>
		<truncated>0</truncated>
		<difficult>0</difficult>
		<occluded>0</occluded>
		<bndbox>
			<xmin>208</xmin>
			<xmax>240</xmax>
			<ymin>253</ymin>
			<ymax>265</ymax>
		</bndbox>
	</object>
</annotation>
