<annotation>
	<folder></folder>
	<filename>CervicalDiffuseDiscBulges-AHMAD-MOHAMED-KAMAL-ABD-AL-AZIZ--18-_jpg.rf.b58dbe9ebe13b08926169dc2eca2a085.jpg</filename>
	<path>CervicalDiffuseDiscBulges-AHMAD-MOHAMED-KAMAL-ABD-AL-AZIZ--18-_jpg.rf.b58dbe9ebe13b08926169dc2eca2a085.jpg</path>
	<source>
		<database>roboflow.com</database>
	</source>
	<size>
		<width>416</width>
		<height>416</height>
		<depth>3</depth>
	</size>
	<segmented>0</segmented>
	<object>
		<name>Disc Bulgerotation</name>
		<pose>Unspecified</pose>
		<truncated>0</truncated>
		<difficult>0</difficult>
		<occluded>0</occluded>
		<bndbox>
			<xmin>172</xmin>
			<xmax>206</xmax>
			<ymin>161</ymin>
			<ymax>182</ymax>
		</bndbox>
	</object>
	<object>
		<name>Disc Bulgerotation</name>
		<pose>Unspecified</pose>
		<truncated>0</truncated>
		<difficult>0</difficult>
		<occluded>0</occluded>
		<bndbox>
			<xmin>181</xmin>
			<xmax>214</xmax>
			<ymin>266</ymin>
			<ymax>291</ymax>
		</bndbox>
	</object>
</annotation>
