<annotation>
	<folder></folder>
	<filename>CervicalSpondylodegenerativeChanges-AZA-MOHAMED-MOHAMED-MOSA--14-_jpg.rf.d5e05402bb03c2cecc9aef797bfd098f.jpg</filename>
	<path>CervicalSpondylodegenerativeChanges-AZA-MOHAMED-MOHAMED-MOSA--14-_jpg.rf.d5e05402bb03c2cecc9aef797bfd098f.jpg</path>
	<source>
		<database>roboflow.com</database>
	</source>
	<size>
		<width>416</width>
		<height>416</height>
		<depth>3</depth>
	</size>
	<segmented>0</segmented>
	<object>
		<name>Disc Protrusionrotation</name>
		<pose>Unspecified</pose>
		<truncated>0</truncated>
		<difficult>0</difficult>
		<occluded>0</occluded>
		<bndbox>
			<xmin>186</xmin>
			<xmax>222</xmax>
			<ymin>206</ymin>
			<ymax>223</ymax>
		</bndbox>
	</object>
	<object>
		<name>Disc Protrusionrotation</name>
		<pose>Unspecified</pose>
		<truncated>0</truncated>
		<difficult>0</difficult>
		<occluded>0</occluded>
		<bndbox>
			<xmin>195</xmin>
			<xmax>227</xmax>
			<ymin>256</ymin>
			<ymax>270</ymax>
		</bndbox>
	</object>
	<object>
		<name>Disc Protrusionrotation</name>
		<pose>Unspecified</pose>
		<truncated>0</truncated>
		<difficult>0</difficult>
		<occluded>0</occluded>
		<bndbox>
			<xmin>189</xmin>
			<xmax>225</xmax>
			<ymin>229</ymin>
			<ymax>244</ymax>
		</bndbox>
	</object>
	<object>
		<name>Disc Protrusionrotation</name>
		<pose>Unspecified</pose>
		<truncated>0</truncated>
		<difficult>0</difficult>
		<occluded>0</occluded>
		<bndbox>
			<xmin>180</xmin>
			<xmax>211</xmax>
			<ymin>180</ymin>
			<ymax>198</ymax>
		</bndbox>
	</object>
</annotation>
