<annotation>
	<folder></folder>
	<filename>CervicalDiffuseDiscBulges-AHMAD-MOHAMED-ABD-ALRAHMAN--14-_jpg.rf.2b6073a54154264272c0c5690a82536b.jpg</filename>
	<path>CervicalDiffuseDiscBulges-AHMAD-MOHAMED-ABD-ALRAHMAN--14-_jpg.rf.2b6073a54154264272c0c5690a82536b.jpg</path>
	<source>
		<database>roboflow.com</database>
	</source>
	<size>
		<width>416</width>
		<height>416</height>
		<depth>3</depth>
	</size>
	<segmented>0</segmented>
	<object>
		<name>Disc Bulgerotation</name>
		<pose>Unspecified</pose>
		<truncated>0</truncated>
		<difficult>0</difficult>
		<occluded>0</occluded>
		<bndbox>
			<xmin>171</xmin>
			<xmax>201</xmax>
			<ymin>236</ymin>
			<ymax>254</ymax>
		</bndbox>
	</object>
</annotation>
