<annotation>
	<folder></folder>
	<filename>CervicalDiffuseDiscBulges-MAHA-MOSTAFA-KASSEM-DASOKI--14-_jpg.rf.496bcfda0d375f12f7f8ee6403c82c79.jpg</filename>
	<path>CervicalDiffuseDiscBulges-MAHA-MOSTAFA-KASSEM-DASOKI--14-_jpg.rf.496bcfda0d375f12f7f8ee6403c82c79.jpg</path>
	<source>
		<database>roboflow.com</database>
	</source>
	<size>
		<width>416</width>
		<height>416</height>
		<depth>3</depth>
	</size>
	<segmented>0</segmented>
	<object>
		<name>Disc Bulgerotation</name>
		<pose>Unspecified</pose>
		<truncated>0</truncated>
		<difficult>0</difficult>
		<occluded>0</occluded>
		<bndbox>
			<xmin>184</xmin>
			<xmax>215</xmax>
			<ymin>227</ymin>
			<ymax>246</ymax>
		</bndbox>
	</object>
	<object>
		<name>Disc Bulgerotation</name>
		<pose>Unspecified</pose>
		<truncated>0</truncated>
		<difficult>0</difficult>
		<occluded>0</occluded>
		<bndbox>
			<xmin>188</xmin>
			<xmax>222</xmax>
			<ymin>253</ymin>
			<ymax>270</ymax>
		</bndbox>
	</object>
</annotation>
