<annotation>
	<folder></folder>
	<filename>CervicalMultilevelDegenerativeDiscDisease-AMIRA-SHAWAKAT-ALSAYED-AMER--8-_jpg.rf.9b4899101fa83071997d95f85fffa776.jpg</filename>
	<path>CervicalMultilevelDegenerativeDiscDisease-AMIRA-SHAWAKAT-ALSAYED-AMER--8-_jpg.rf.9b4899101fa83071997d95f85fffa776.jpg</path>
	<source>
		<database>roboflow.com</database>
	</source>
	<size>
		<width>416</width>
		<height>416</height>
		<depth>3</depth>
	</size>
	<segmented>0</segmented>
	<object>
		<name>Disc Protrusionrotation</name>
		<pose>Unspecified</pose>
		<truncated>0</truncated>
		<difficult>0</difficult>
		<occluded>0</occluded>
		<bndbox>
			<xmin>154</xmin>
			<xmax>186</xmax>
			<ymin>249</ymin>
			<ymax>265</ymax>
		</bndbox>
	</object>
	<object>
		<name>Disc Protrusionrotation</name>
		<pose>Unspecified</pose>
		<truncated>0</truncated>
		<difficult>0</difficult>
		<occluded>0</occluded>
		<bndbox>
			<xmin>150</xmin>
			<xmax>183</xmax>
			<ymin>196</ymin>
			<ymax>211</ymax>
		</bndbox>
	</object>
	<object>
		<name>Disc Protrusionrotation</name>
		<pose>Unspecified</pose>
		<truncated>0</truncated>
		<difficult>0</difficult>
		<occluded>0</occluded>
		<bndbox>
			<xmin>158</xmin>
			<xmax>193</xmax>
			<ymin>276</ymin>
			<ymax>289</ymax>
		</bndbox>
	</object>
</annotation>
