<annotation>
	<folder></folder>
	<filename>CervicalDegenerativeDiscDisease-NADIA-ABD-ALRAHIM-MOHAMED-AHMAD--19-_jpg.rf.05ce8113f514a0cb9b090e3745bee235.jpg</filename>
	<path>CervicalDegenerativeDiscDisease-NADIA-ABD-ALRAHIM-MOHAMED-AHMAD--19-_jpg.rf.05ce8113f514a0cb9b090e3745bee235.jpg</path>
	<source>
		<database>roboflow.com</database>
	</source>
	<size>
		<width>416</width>
		<height>416</height>
		<depth>3</depth>
	</size>
	<segmented>0</segmented>
	<object>
		<name>Osteophytesrotation</name>
		<pose>Unspecified</pose>
		<truncated>0</truncated>
		<difficult>0</difficult>
		<occluded>0</occluded>
		<bndbox>
			<xmin>179</xmin>
			<xmax>215</xmax>
			<ymin>201</ymin>
			<ymax>218</ymax>
		</bndbox>
	</object>
	<object>
		<name>Osteophytesrotation</name>
		<pose>Unspecified</pose>
		<truncated>0</truncated>
		<difficult>0</difficult>
		<occluded>0</occluded>
		<bndbox>
			<xmin>184</xmin>
			<xmax>221</xmax>
			<ymin>227</ymin>
			<ymax>248</ymax>
		</bndbox>
	</object>
</annotation>
