<annotation>
	<folder></folder>
	<filename>CervicalDegenerativeDiscDisease-Unknown2--14-_jpg.rf.0a46d6f7cd7d6ef574b926ab2036234f.jpg</filename>
	<path>CervicalDegenerativeDiscDisease-Unknown2--14-_jpg.rf.0a46d6f7cd7d6ef574b926ab2036234f.jpg</path>
	<source>
		<database>roboflow.com</database>
	</source>
	<size>
		<width>416</width>
		<height>416</height>
		<depth>3</depth>
	</size>
	<segmented>0</segmented>
	<object>
		<name>Degenerative Disc Diseaserotation</name>
		<pose>Unspecified</pose>
		<truncated>0</truncated>
		<difficult>0</difficult>
		<occluded>0</occluded>
		<bndbox>
			<xmin>158</xmin>
			<xmax>188</xmax>
			<ymin>212</ymin>
			<ymax>229</ymax>
		</bndbox>
	</object>
	<object>
		<name>Degenerative Disc Diseaserotation</name>
		<pose>Unspecified</pose>
		<truncated>0</truncated>
		<difficult>0</difficult>
		<occluded>0</occluded>
		<bndbox>
			<xmin>164</xmin>
			<xmax>197</xmax>
			<ymin>303</ymin>
			<ymax>323</ymax>
		</bndbox>
	</object>
	<object>
		<name>Degenerative Disc Diseaserotation</name>
		<pose>Unspecified</pose>
		<truncated>0</truncated>
		<difficult>0</difficult>
		<occluded>0</occluded>
		<bndbox>
			<xmin>158</xmin>
			<xmax>190</xmax>
			<ymin>245</ymin>
			<ymax>263</ymax>
		</bndbox>
	</object>
</annotation>
