<annotation>
	<folder></folder>
	<filename>CervicalMultilevelDegenerativeDiscDisease-AMAL-MOHAMED-SABREY-ABD-ELFATAH--6-_jpg.rf.4519e9223f8c324607e2d679e8dc5a3e.jpg</filename>
	<path>CervicalMultilevelDegenerativeDiscDisease-AMAL-MOHAMED-SABREY-ABD-ELFATAH--6-_jpg.rf.4519e9223f8c324607e2d679e8dc5a3e.jpg</path>
	<source>
		<database>roboflow.com</database>
	</source>
	<size>
		<width>416</width>
		<height>416</height>
		<depth>3</depth>
	</size>
	<segmented>0</segmented>
	<object>
		<name>Osteophytesrotation</name>
		<pose>Unspecified</pose>
		<truncated>0</truncated>
		<difficult>0</difficult>
		<occluded>0</occluded>
		<bndbox>
			<xmin>174</xmin>
			<xmax>209</xmax>
			<ymin>184</ymin>
			<ymax>197</ymax>
		</bndbox>
	</object>
	<object>
		<name>Disc Bulgerotation</name>
		<pose>Unspecified</pose>
		<truncated>0</truncated>
		<difficult>0</difficult>
		<occluded>0</occluded>
		<bndbox>
			<xmin>193</xmin>
			<xmax>228</xmax>
			<ymin>258</ymin>
			<ymax>273</ymax>
		</bndbox>
	</object>
	<object>
		<name>Disc Bulgerotation</name>
		<pose>Unspecified</pose>
		<truncated>0</truncated>
		<difficult>0</difficult>
		<occluded>0</occluded>
		<bndbox>
			<xmin>174</xmin>
			<xmax>209</xmax>
			<ymin>184</ymin>
			<ymax>197</ymax>
		</bndbox>
	</object>
	<object>
		<name>Osteophytesrotation</name>
		<pose>Unspecified</pose>
		<truncated>0</truncated>
		<difficult>0</difficult>
		<occluded>0</occluded>
		<bndbox>
			<xmin>185</xmin>
			<xmax>215</xmax>
			<ymin>207</ymin>
			<ymax>223</ymax>
		</bndbox>
	</object>
	<object>
		<name>Osteophytesrotation</name>
		<pose>Unspecified</pose>
		<truncated>0</truncated>
		<difficult>0</difficult>
		<occluded>0</occluded>
		<bndbox>
			<xmin>190</xmin>
			<xmax>223</xmax>
			<ymin>233</ymin>
			<ymax>247</ymax>
		</bndbox>
	</object>
	<object>
		<name>Disc Bulgerotation</name>
		<pose>Unspecified</pose>
		<truncated>0</truncated>
		<difficult>0</difficult>
		<occluded>0</occluded>
		<bndbox>
			<xmin>190</xmin>
			<xmax>223</xmax>
			<ymin>233</ymin>
			<ymax>248</ymax>
		</bndbox>
	</object>
	<object>
		<name>Disc Bulgerotation</name>
		<pose>Unspecified</pose>
		<truncated>0</truncated>
		<difficult>0</difficult>
		<occluded>0</occluded>
		<bndbox>
			<xmin>185</xmin>
			<xmax>216</xmax>
			<ymin>207</ymin>
			<ymax>223</ymax>
		</bndbox>
	</object>
	<object>
		<name>Disc Protrusionrotation</name>
		<pose>Unspecified</pose>
		<truncated>0</truncated>
		<difficult>0</difficult>
		<occluded>0</occluded>
		<bndbox>
			<xmin>193</xmin>
			<xmax>228</xmax>
			<ymin>258</ymin>
			<ymax>273</ymax>
		</bndbox>
	</object>
</annotation>
