<annotation>
	<folder></folder>
	<filename>CervicalDiffuseDiscBulges-Unknown1--14-_jpg.rf.0b2a06adf1ec3fd1da8c237c5351a608.jpg</filename>
	<path>CervicalDiffuseDiscBulges-Unknown1--14-_jpg.rf.0b2a06adf1ec3fd1da8c237c5351a608.jpg</path>
	<source>
		<database>roboflow.com</database>
	</source>
	<size>
		<width>416</width>
		<height>416</height>
		<depth>3</depth>
	</size>
	<segmented>0</segmented>
	<object>
		<name>Disc Bulgerotation</name>
		<pose>Unspecified</pose>
		<truncated>0</truncated>
		<difficult>0</difficult>
		<occluded>0</occluded>
		<bndbox>
			<xmin>166</xmin>
			<xmax>191</xmax>
			<ymin>268</ymin>
			<ymax>281</ymax>
		</bndbox>
	</object>
	<object>
		<name>Disc Bulgerotation</name>
		<pose>Unspecified</pose>
		<truncated>0</truncated>
		<difficult>0</difficult>
		<occluded>0</occluded>
		<bndbox>
			<xmin>162</xmin>
			<xmax>189</xmax>
			<ymin>244</ymin>
			<ymax>257</ymax>
		</bndbox>
	</object>
	<object>
		<name>Disc Bulgerotation</name>
		<pose>Unspecified</pose>
		<truncated>0</truncated>
		<difficult>0</difficult>
		<occluded>0</occluded>
		<bndbox>
			<xmin>173</xmin>
			<xmax>198</xmax>
			<ymin>288</ymin>
			<ymax>305</ymax>
		</bndbox>
	</object>
</annotation>
