<annotation>
	<folder></folder>
	<filename>CervicalSpondylodegenerativeChanges-FWAKH-MOHAMED-METWALY-ALSAYED--16-_jpg.rf.2b75e2df27e4fffdeae8f89affd00d99.jpg</filename>
	<path>CervicalSpondylodegenerativeChanges-FWAKH-MOHAMED-METWALY-ALSAYED--16-_jpg.rf.2b75e2df27e4fffdeae8f89affd00d99.jpg</path>
	<source>
		<database>roboflow.com</database>
	</source>
	<size>
		<width>416</width>
		<height>416</height>
		<depth>3</depth>
	</size>
	<segmented>0</segmented>
	<object>
		<name>Disc Bulgerotation</name>
		<pose>Unspecified</pose>
		<truncated>0</truncated>
		<difficult>0</difficult>
		<occluded>0</occluded>
		<bndbox>
			<xmin>192</xmin>
			<xmax>231</xmax>
			<ymin>235</ymin>
			<ymax>248</ymax>
		</bndbox>
	</object>
	<object>
		<name>Disc Bulgerotation</name>
		<pose>Unspecified</pose>
		<truncated>0</truncated>
		<difficult>0</difficult>
		<occluded>0</occluded>
		<bndbox>
			<xmin>190</xmin>
			<xmax>235</xmax>
			<ymin>258</ymin>
			<ymax>274</ymax>
		</bndbox>
	</object>
</annotation>
