<annotation>
	<folder></folder>
	<filename>CervicalSpondylodegenerativeChanges-DOAA-HAMDE-ABD-AL-AZIZ-ALSAYED--22-_jpg.rf.ddee6777fc8428aeeb27991e2ef54e91.jpg</filename>
	<path>CervicalSpondylodegenerativeChanges-DOAA-HAMDE-ABD-AL-AZIZ-ALSAYED--22-_jpg.rf.ddee6777fc8428aeeb27991e2ef54e91.jpg</path>
	<source>
		<database>roboflow.com</database>
	</source>
	<size>
		<width>416</width>
		<height>416</height>
		<depth>3</depth>
	</size>
	<segmented>0</segmented>
	<object>
		<name>Disc Bulgerotation</name>
		<pose>Unspecified</pose>
		<truncated>0</truncated>
		<difficult>0</difficult>
		<occluded>0</occluded>
		<bndbox>
			<xmin>200</xmin>
			<xmax>228</xmax>
			<ymin>229</ymin>
			<ymax>242</ymax>
		</bndbox>
	</object>
	<object>
		<name>Disc Bulgerotation</name>
		<pose>Unspecified</pose>
		<truncated>0</truncated>
		<difficult>0</difficult>
		<occluded>0</occluded>
		<bndbox>
			<xmin>188</xmin>
			<xmax>218</xmax>
			<ymin>204</ymin>
			<ymax>219</ymax>
		</bndbox>
	</object>
	<object>
		<name>Disc Bulgerotation</name>
		<pose>Unspecified</pose>
		<truncated>0</truncated>
		<difficult>0</difficult>
		<occluded>0</occluded>
		<bndbox>
			<xmin>207</xmin>
			<xmax>237</xmax>
			<ymin>250</ymin>
			<ymax>265</ymax>
		</bndbox>
	</object>
</annotation>
