<annotation>
	<folder></folder>
	<filename>CervicalDiffuseDiscBulges-MOHAMED-ALH-MAHMOUD-MABROUK--8-_jpg.rf.566272370cd58f7e2a4a00a2a9efed8c.jpg</filename>
	<path>CervicalDiffuseDiscBulges-MOHAMED-ALH-MAHMOUD-MABROUK--8-_jpg.rf.566272370cd58f7e2a4a00a2a9efed8c.jpg</path>
	<source>
		<database>roboflow.com</database>
	</source>
	<size>
		<width>416</width>
		<height>416</height>
		<depth>3</depth>
	</size>
	<segmented>0</segmented>
	<object>
		<name>Disc Protrusionrotation</name>
		<pose>Unspecified</pose>
		<truncated>0</truncated>
		<difficult>0</difficult>
		<occluded>0</occluded>
		<bndbox>
			<xmin>185</xmin>
			<xmax>220</xmax>
			<ymin>256</ymin>
			<ymax>272</ymax>
		</bndbox>
	</object>
	<object>
		<name>Disc Bulgerotation</name>
		<pose>Unspecified</pose>
		<truncated>0</truncated>
		<difficult>0</difficult>
		<occluded>0</occluded>
		<bndbox>
			<xmin>168</xmin>
			<xmax>201</xmax>
			<ymin>132</ymin>
			<ymax>154</ymax>
		</bndbox>
	</object>
	<object>
		<name>Disc Bulgerotation</name>
		<pose>Unspecified</pose>
		<truncated>0</truncated>
		<difficult>0</difficult>
		<occluded>0</occluded>
		<bndbox>
			<xmin>173</xmin>
			<xmax>210</xmax>
			<ymin>197</ymin>
			<ymax>215</ymax>
		</bndbox>
	</object>
	<object>
		<name>Disc Bulgerotation</name>
		<pose>Unspecified</pose>
		<truncated>0</truncated>
		<difficult>0</difficult>
		<occluded>0</occluded>
		<bndbox>
			<xmin>172</xmin>
			<xmax>209</xmax>
			<ymin>167</ymin>
			<ymax>186</ymax>
		</bndbox>
	</object>
	<object>
		<name>Disc Bulgerotation</name>
		<pose>Unspecified</pose>
		<truncated>0</truncated>
		<difficult>0</difficult>
		<occluded>0</occluded>
		<bndbox>
			<xmin>175</xmin>
			<xmax>214</xmax>
			<ymin>228</ymin>
			<ymax>245</ymax>
		</bndbox>
	</object>
	<object>
		<name>Disc Bulgerotation</name>
		<pose>Unspecified</pose>
		<truncated>0</truncated>
		<difficult>0</difficult>
		<occluded>0</occluded>
		<bndbox>
			<xmin>185</xmin>
			<xmax>220</xmax>
			<ymin>256</ymin>
			<ymax>272</ymax>
		</bndbox>
	</object>
</annotation>
