<annotation>
	<folder></folder>
	<filename>CervicalMultilevelDegenerativeDiscDisease-AMIRA-SHAWAKAT-ALSAYED-AMER--3-_jpg.rf.542f90aea5a51307d405bb3258e24265.jpg</filename>
	<path>CervicalMultilevelDegenerativeDiscDisease-AMIRA-SHAWAKAT-ALSAYED-AMER--3-_jpg.rf.542f90aea5a51307d405bb3258e24265.jpg</path>
	<source>
		<database>roboflow.com</database>
	</source>
	<size>
		<width>416</width>
		<height>416</height>
		<depth>3</depth>
	</size>
	<segmented>0</segmented>
	<object>
		<name>Disc Protrusionrotation</name>
		<pose>Unspecified</pose>
		<truncated>0</truncated>
		<difficult>0</difficult>
		<occluded>0</occluded>
		<bndbox>
			<xmin>151</xmin>
			<xmax>182</xmax>
			<ymin>194</ymin>
			<ymax>208</ymax>
		</bndbox>
	</object>
	<object>
		<name>Disc Protrusionrotation</name>
		<pose>Unspecified</pose>
		<truncated>0</truncated>
		<difficult>0</difficult>
		<occluded>0</occluded>
		<bndbox>
			<xmin>161</xmin>
			<xmax>194</xmax>
			<ymin>275</ymin>
			<ymax>291</ymax>
		</bndbox>
	</object>
	<object>
		<name>Disc Protrusionrotation</name>
		<pose>Unspecified</pose>
		<truncated>0</truncated>
		<difficult>0</difficult>
		<occluded>0</occluded>
		<bndbox>
			<xmin>153</xmin>
			<xmax>186</xmax>
			<ymin>249</ymin>
			<ymax>265</ymax>
		</bndbox>
	</object>
</annotation>
