<annotation>
	<folder></folder>
	<filename>CervicalDiffuseDiscBulges-Unknown16--19-_jpg.rf.9bf555227911b5f1e94b68cb1323f50a.jpg</filename>
	<path>CervicalDiffuseDiscBulges-Unknown16--19-_jpg.rf.9bf555227911b5f1e94b68cb1323f50a.jpg</path>
	<source>
		<database>roboflow.com</database>
	</source>
	<size>
		<width>416</width>
		<height>416</height>
		<depth>3</depth>
	</size>
	<segmented>0</segmented>
	<object>
		<name>Disc Protrusionrotation</name>
		<pose>Unspecified</pose>
		<truncated>0</truncated>
		<difficult>0</difficult>
		<occluded>0</occluded>
		<bndbox>
			<xmin>153</xmin>
			<xmax>182</xmax>
			<ymin>196</ymin>
			<ymax>212</ymax>
		</bndbox>
	</object>
	<object>
		<name>Disc Bulgerotation</name>
		<pose>Unspecified</pose>
		<truncated>0</truncated>
		<difficult>0</difficult>
		<occluded>0</occluded>
		<bndbox>
			<xmin>157</xmin>
			<xmax>186</xmax>
			<ymin>219</ymin>
			<ymax>234</ymax>
		</bndbox>
	</object>
	<object>
		<name>Disc Protrusionrotation</name>
		<pose>Unspecified</pose>
		<truncated>0</truncated>
		<difficult>0</difficult>
		<occluded>0</occluded>
		<bndbox>
			<xmin>159</xmin>
			<xmax>190</xmax>
			<ymin>242</ymin>
			<ymax>260</ymax>
		</bndbox>
	</object>
</annotation>
