<annotation>
	<folder></folder>
	<filename>CervicalSpondylodegenerativeChanges_Neural-AHMAD-MAHMOUD-IBRAHIM-AHMAD--21-_jpg.rf.57a618277f16a4aa0395318fcb88c47c.jpg</filename>
	<path>CervicalSpondylodegenerativeChanges_Neural-AHMAD-MAHMOUD-IBRAHIM-AHMAD--21-_jpg.rf.57a618277f16a4aa0395318fcb88c47c.jpg</path>
	<source>
		<database>roboflow.com</database>
	</source>
	<size>
		<width>416</width>
		<height>416</height>
		<depth>3</depth>
	</size>
	<segmented>0</segmented>
	<object>
		<name>Disc Bulgerotation</name>
		<pose>Unspecified</pose>
		<truncated>0</truncated>
		<difficult>0</difficult>
		<occluded>0</occluded>
		<bndbox>
			<xmin>181</xmin>
			<xmax>216</xmax>
			<ymin>240</ymin>
			<ymax>257</ymax>
		</bndbox>
	</object>
	<object>
		<name>Degenerative Disc Diseaserotation</name>
		<pose>Unspecified</pose>
		<truncated>0</truncated>
		<difficult>0</difficult>
		<occluded>0</occluded>
		<bndbox>
			<xmin>181</xmin>
			<xmax>217</xmax>
			<ymin>240</ymin>
			<ymax>257</ymax>
		</bndbox>
	</object>
</annotation>
