<annotation>
	<folder></folder>
	<filename>CervicalDiffuseDiscBulges-Unknown8--12-_jpg.rf.9b9d82d38e7fe7bfd8be119f493e4449.jpg</filename>
	<path>CervicalDiffuseDiscBulges-Unknown8--12-_jpg.rf.9b9d82d38e7fe7bfd8be119f493e4449.jpg</path>
	<source>
		<database>roboflow.com</database>
	</source>
	<size>
		<width>416</width>
		<height>416</height>
		<depth>3</depth>
	</size>
	<segmented>0</segmented>
	<object>
		<name>Disc Bulgerotation</name>
		<pose>Unspecified</pose>
		<truncated>0</truncated>
		<difficult>0</difficult>
		<occluded>0</occluded>
		<bndbox>
			<xmin>160</xmin>
			<xmax>190</xmax>
			<ymin>219</ymin>
			<ymax>234</ymax>
		</bndbox>
	</object>
	<object>
		<name>Disc Bulgerotation</name>
		<pose>Unspecified</pose>
		<truncated>0</truncated>
		<difficult>0</difficult>
		<occluded>0</occluded>
		<bndbox>
			<xmin>153</xmin>
			<xmax>187</xmax>
			<ymin>195</ymin>
			<ymax>213</ymax>
		</bndbox>
	</object>
	<object>
		<name>Disc Bulgerotation</name>
		<pose>Unspecified</pose>
		<truncated>0</truncated>
		<difficult>0</difficult>
		<occluded>0</occluded>
		<bndbox>
			<xmin>152</xmin>
			<xmax>182</xmax>
			<ymin>172</ymin>
			<ymax>187</ymax>
		</bndbox>
	</object>
</annotation>
