<annotation>
	<folder></folder>
	<filename>CervicalSpondylodegenerativeChanges-Unknown4--14-_jpg.rf.03952b50afada93d9ec8ef29106ce85e.jpg</filename>
	<path>CervicalSpondylodegenerativeChanges-Unknown4--14-_jpg.rf.03952b50afada93d9ec8ef29106ce85e.jpg</path>
	<source>
		<database>roboflow.com</database>
	</source>
	<size>
		<width>416</width>
		<height>416</height>
		<depth>3</depth>
	</size>
	<segmented>0</segmented>
	<object>
		<name>Disc Bulgerotation</name>
		<pose>Unspecified</pose>
		<truncated>0</truncated>
		<difficult>0</difficult>
		<occluded>0</occluded>
		<bndbox>
			<xmin>182</xmin>
			<xmax>209</xmax>
			<ymin>251</ymin>
			<ymax>265</ymax>
		</bndbox>
	</object>
	<object>
		<name>Disc Bulgerotation</name>
		<pose>Unspecified</pose>
		<truncated>0</truncated>
		<difficult>0</difficult>
		<occluded>0</occluded>
		<bndbox>
			<xmin>180</xmin>
			<xmax>209</xmax>
			<ymin>221</ymin>
			<ymax>236</ymax>
		</bndbox>
	</object>
</annotation>
