<annotation>
	<folder></folder>
	<filename>CervicalMultilevelDegenerativeDiscDisease-MONA-IBRAHIM-KHAMES-KHALAL--22-_jpg.rf.1671efb2c71392e48a8a9cd3efbe6b36.jpg</filename>
	<path>CervicalMultilevelDegenerativeDiscDisease-MONA-IBRAHIM-KHAMES-KHALAL--22-_jpg.rf.1671efb2c71392e48a8a9cd3efbe6b36.jpg</path>
	<source>
		<database>roboflow.com</database>
	</source>
	<size>
		<width>416</width>
		<height>416</height>
		<depth>3</depth>
	</size>
	<segmented>0</segmented>
	<object>
		<name>Disc Protrusionrotation</name>
		<pose>Unspecified</pose>
		<truncated>0</truncated>
		<difficult>0</difficult>
		<occluded>0</occluded>
		<bndbox>
			<xmin>181</xmin>
			<xmax>218</xmax>
			<ymin>189</ymin>
			<ymax>207</ymax>
		</bndbox>
	</object>
	<object>
		<name>Disc Protrusionrotation</name>
		<pose>Unspecified</pose>
		<truncated>0</truncated>
		<difficult>0</difficult>
		<occluded>0</occluded>
		<bndbox>
			<xmin>199</xmin>
			<xmax>240</xmax>
			<ymin>285</ymin>
			<ymax>306</ymax>
		</bndbox>
	</object>
	<object>
		<name>Disc Protrusionrotation</name>
		<pose>Unspecified</pose>
		<truncated>0</truncated>
		<difficult>0</difficult>
		<occluded>0</occluded>
		<bndbox>
			<xmin>189</xmin>
			<xmax>231</xmax>
			<ymin>256</ymin>
			<ymax>274</ymax>
		</bndbox>
	</object>
</annotation>
