<annotation>
	<folder></folder>
	<filename>CervicalSpondylodegenerativeChanges-AZA-MOHAMED-MOHAMED-MOSA--21-_jpg.rf.e2bea5b91a147974d8dab7cf0e2f1fe1.jpg</filename>
	<path>CervicalSpondylodegenerativeChanges-AZA-MOHAMED-MOHAMED-MOSA--21-_jpg.rf.e2bea5b91a147974d8dab7cf0e2f1fe1.jpg</path>
	<source>
		<database>roboflow.com</database>
	</source>
	<size>
		<width>416</width>
		<height>416</height>
		<depth>3</depth>
	</size>
	<segmented>0</segmented>
	<object>
		<name>Disc Protrusionrotation</name>
		<pose>Unspecified</pose>
		<truncated>0</truncated>
		<difficult>0</difficult>
		<occluded>0</occluded>
		<bndbox>
			<xmin>191</xmin>
			<xmax>224</xmax>
			<ymin>229</ymin>
			<ymax>245</ymax>
		</bndbox>
	</object>
	<object>
		<name>Disc Protrusionrotation</name>
		<pose>Unspecified</pose>
		<truncated>0</truncated>
		<difficult>0</difficult>
		<occluded>0</occluded>
		<bndbox>
			<xmin>176</xmin>
			<xmax>208</xmax>
			<ymin>181</ymin>
			<ymax>198</ymax>
		</bndbox>
	</object>
	<object>
		<name>Disc Protrusionrotation</name>
		<pose>Unspecified</pose>
		<truncated>0</truncated>
		<difficult>0</difficult>
		<occluded>0</occluded>
		<bndbox>
			<xmin>195</xmin>
			<xmax>227</xmax>
			<ymin>255</ymin>
			<ymax>271</ymax>
		</bndbox>
	</object>
	<object>
		<name>Disc Protrusionrotation</name>
		<pose>Unspecified</pose>
		<truncated>0</truncated>
		<difficult>0</difficult>
		<occluded>0</occluded>
		<bndbox>
			<xmin>183</xmin>
			<xmax>221</xmax>
			<ymin>206</ymin>
			<ymax>222</ymax>
		</bndbox>
	</object>
</annotation>
