<annotation>
	<folder></folder>
	<filename>CervicalDiffuseDiscBulges-AHMAD-MOHAMED-ABD-ALRAHMAN--15-_jpg.rf.302ac247dede585a5a732b2e6edee49f.jpg</filename>
	<path>CervicalDiffuseDiscBulges-AHMAD-MOHAMED-ABD-ALRAHMAN--15-_jpg.rf.302ac247dede585a5a732b2e6edee49f.jpg</path>
	<source>
		<database>roboflow.com</database>
	</source>
	<size>
		<width>416</width>
		<height>416</height>
		<depth>3</depth>
	</size>
	<segmented>0</segmented>
	<object>
		<name>Disc Bulgerotation</name>
		<pose>Unspecified</pose>
		<truncated>0</truncated>
		<difficult>0</difficult>
		<occluded>0</occluded>
		<bndbox>
			<xmin>172</xmin>
			<xmax>208</xmax>
			<ymin>235</ymin>
			<ymax>253</ymax>
		</bndbox>
	</object>
</annotation>
