<annotation>
	<folder></folder>
	<filename>CervicalDegenerativeDiscDisease-Unknown5--6-_jpg.rf.95cc61df1e9241553b32dd69122b5c9a.jpg</filename>
	<path>CervicalDegenerativeDiscDisease-Unknown5--6-_jpg.rf.95cc61df1e9241553b32dd69122b5c9a.jpg</path>
	<source>
		<database>roboflow.com</database>
	</source>
	<size>
		<width>416</width>
		<height>416</height>
		<depth>3</depth>
	</size>
	<segmented>0</segmented>
	<object>
		<name>Disc Bulgerotation</name>
		<pose>Unspecified</pose>
		<truncated>0</truncated>
		<difficult>0</difficult>
		<occluded>0</occluded>
		<bndbox>
			<xmin>188</xmin>
			<xmax>213</xmax>
			<ymin>255</ymin>
			<ymax>274</ymax>
		</bndbox>
	</object>
</annotation>
