<annotation>
	<folder></folder>
	<filename>CervicalSpondylodegenerativeChanges_Neural-AHMAD-MAHMOUD-IBRAHIM-AHMAD--24-_jpg.rf.5f0107d9ccc44018c47e5cd042c58878.jpg</filename>
	<path>CervicalSpondylodegenerativeChanges_Neural-AHMAD-MAHMOUD-IBRAHIM-AHMAD--24-_jpg.rf.5f0107d9ccc44018c47e5cd042c58878.jpg</path>
	<source>
		<database>roboflow.com</database>
	</source>
	<size>
		<width>416</width>
		<height>416</height>
		<depth>3</depth>
	</size>
	<segmented>0</segmented>
	<object>
		<name>Disc Bulgerotation</name>
		<pose>Unspecified</pose>
		<truncated>0</truncated>
		<difficult>0</difficult>
		<occluded>0</occluded>
		<bndbox>
			<xmin>179</xmin>
			<xmax>215</xmax>
			<ymin>236</ymin>
			<ymax>253</ymax>
		</bndbox>
	</object>
	<object>
		<name>Degenerative Disc Diseaserotation</name>
		<pose>Unspecified</pose>
		<truncated>0</truncated>
		<difficult>0</difficult>
		<occluded>0</occluded>
		<bndbox>
			<xmin>179</xmin>
			<xmax>215</xmax>
			<ymin>236</ymin>
			<ymax>253</ymax>
		</bndbox>
	</object>
</annotation>
