<annotation>
	<folder></folder>
	<filename>CervicalDegenerativeDiscDisease-Unknown5--8-_jpg.rf.2ea4e918449ef856da58b79defb2ea6e.jpg</filename>
	<path>CervicalDegenerativeDiscDisease-Unknown5--8-_jpg.rf.2ea4e918449ef856da58b79defb2ea6e.jpg</path>
	<source>
		<database>roboflow.com</database>
	</source>
	<size>
		<width>416</width>
		<height>416</height>
		<depth>3</depth>
	</size>
	<segmented>0</segmented>
	<object>
		<name>Disc Bulgerotation</name>
		<pose>Unspecified</pose>
		<truncated>0</truncated>
		<difficult>0</difficult>
		<occluded>0</occluded>
		<bndbox>
			<xmin>186</xmin>
			<xmax>213</xmax>
			<ymin>254</ymin>
			<ymax>277</ymax>
		</bndbox>
	</object>
</annotation>
