<annotation>
	<folder></folder>
	<filename>CervicalDiffuseDiscBulges-AHMAD-MOHAMED-ABD-ALRAHMAN--12-_jpg.rf.909c64554694e9fac9b30f2d341ba9f4.jpg</filename>
	<path>CervicalDiffuseDiscBulges-AHMAD-MOHAMED-ABD-ALRAHMAN--12-_jpg.rf.909c64554694e9fac9b30f2d341ba9f4.jpg</path>
	<source>
		<database>roboflow.com</database>
	</source>
	<size>
		<width>416</width>
		<height>416</height>
		<depth>3</depth>
	</size>
	<segmented>0</segmented>
	<object>
		<name>Disc Bulgerotation</name>
		<pose>Unspecified</pose>
		<truncated>0</truncated>
		<difficult>0</difficult>
		<occluded>0</occluded>
		<bndbox>
			<xmin>172</xmin>
			<xmax>204</xmax>
			<ymin>235</ymin>
			<ymax>257</ymax>
		</bndbox>
	</object>
</annotation>
