<annotation>
	<folder></folder>
	<filename>CervicalDiffuseDiscBulges-MAHA-MOSTAFA-KASSEM-DASOKI--15-_jpg.rf.23cf7fc90e950c47e0cc5a3ac6187a15.jpg</filename>
	<path>CervicalDiffuseDiscBulges-MAHA-MOSTAFA-KASSEM-DASOKI--15-_jpg.rf.23cf7fc90e950c47e0cc5a3ac6187a15.jpg</path>
	<source>
		<database>roboflow.com</database>
	</source>
	<size>
		<width>416</width>
		<height>416</height>
		<depth>3</depth>
	</size>
	<segmented>0</segmented>
	<object>
		<name>Disc Bulgerotation</name>
		<pose>Unspecified</pose>
		<truncated>0</truncated>
		<difficult>0</difficult>
		<occluded>0</occluded>
		<bndbox>
			<xmin>182</xmin>
			<xmax>214</xmax>
			<ymin>227</ymin>
			<ymax>245</ymax>
		</bndbox>
	</object>
	<object>
		<name>Disc Bulgerotation</name>
		<pose>Unspecified</pose>
		<truncated>0</truncated>
		<difficult>0</difficult>
		<occluded>0</occluded>
		<bndbox>
			<xmin>189</xmin>
			<xmax>223</xmax>
			<ymin>251</ymin>
			<ymax>270</ymax>
		</bndbox>
	</object>
</annotation>
