<annotation>
	<folder></folder>
	<filename>CervicalMultilevelDegenerativeDiscDisease-MONA-IBRAHIM-KHAMES-KHALAL--10-_jpg.rf.b25d815c28eb2bfa99ed593f07cf6f75.jpg</filename>
	<path>CervicalMultilevelDegenerativeDiscDisease-MONA-IBRAHIM-KHAMES-KHALAL--10-_jpg.rf.b25d815c28eb2bfa99ed593f07cf6f75.jpg</path>
	<source>
		<database>roboflow.com</database>
	</source>
	<size>
		<width>416</width>
		<height>416</height>
		<depth>3</depth>
	</size>
	<segmented>0</segmented>
	<object>
		<name>Disc Protrusionrotation</name>
		<pose>Unspecified</pose>
		<truncated>0</truncated>
		<difficult>0</difficult>
		<occluded>0</occluded>
		<bndbox>
			<xmin>180</xmin>
			<xmax>217</xmax>
			<ymin>189</ymin>
			<ymax>204</ymax>
		</bndbox>
	</object>
	<object>
		<name>Disc Protrusionrotation</name>
		<pose>Unspecified</pose>
		<truncated>0</truncated>
		<difficult>0</difficult>
		<occluded>0</occluded>
		<bndbox>
			<xmin>201</xmin>
			<xmax>238</xmax>
			<ymin>284</ymin>
			<ymax>303</ymax>
		</bndbox>
	</object>
	<object>
		<name>Disc Protrusionrotation</name>
		<pose>Unspecified</pose>
		<truncated>0</truncated>
		<difficult>0</difficult>
		<occluded>0</occluded>
		<bndbox>
			<xmin>191</xmin>
			<xmax>228</xmax>
			<ymin>256</ymin>
			<ymax>271</ymax>
		</bndbox>
	</object>
</annotation>
