<annotation>
	<folder></folder>
	<filename>CervicalDiffuseDiscBulges-Unknown7--8-_jpg.rf.51f1686b89ed0f53a9c0ca9af02dbe1c.jpg</filename>
	<path>CervicalDiffuseDiscBulges-Unknown7--8-_jpg.rf.51f1686b89ed0f53a9c0ca9af02dbe1c.jpg</path>
	<source>
		<database>roboflow.com</database>
	</source>
	<size>
		<width>416</width>
		<height>416</height>
		<depth>3</depth>
	</size>
	<segmented>0</segmented>
	<object>
		<name>Annular Disc Relaxationrotation</name>
		<pose>Unspecified</pose>
		<truncated>0</truncated>
		<difficult>0</difficult>
		<occluded>0</occluded>
		<bndbox>
			<xmin>162</xmin>
			<xmax>190</xmax>
			<ymin>177</ymin>
			<ymax>194</ymax>
		</bndbox>
	</object>
	<object>
		<name>Osteophytesrotation</name>
		<pose>Unspecified</pose>
		<truncated>0</truncated>
		<difficult>0</difficult>
		<occluded>0</occluded>
		<bndbox>
			<xmin>163</xmin>
			<xmax>196</xmax>
			<ymin>199</ymin>
			<ymax>218</ymax>
		</bndbox>
	</object>
	<object>
		<name>Disc Bulgerotation</name>
		<pose>Unspecified</pose>
		<truncated>0</truncated>
		<difficult>0</difficult>
		<occluded>0</occluded>
		<bndbox>
			<xmin>164</xmin>
			<xmax>196</xmax>
			<ymin>199</ymin>
			<ymax>217</ymax>
		</bndbox>
	</object>
</annotation>
