<annotation>
	<folder></folder>
	<filename>CervicalDiffuseDiscBulges-MOHAMED-ALH-MAHMOUD-MABROUK--10-_jpg.rf.87ad20de57763a7b208ac1728b6f2f21.jpg</filename>
	<path>CervicalDiffuseDiscBulges-MOHAMED-ALH-MAHMOUD-MABROUK--10-_jpg.rf.87ad20de57763a7b208ac1728b6f2f21.jpg</path>
	<source>
		<database>roboflow.com</database>
	</source>
	<size>
		<width>416</width>
		<height>416</height>
		<depth>3</depth>
	</size>
	<segmented>0</segmented>
	<object>
		<name>Disc Protrusionrotation</name>
		<pose>Unspecified</pose>
		<truncated>0</truncated>
		<difficult>0</difficult>
		<occluded>0</occluded>
		<bndbox>
			<xmin>183</xmin>
			<xmax>223</xmax>
			<ymin>252</ymin>
			<ymax>272</ymax>
		</bndbox>
	</object>
	<object>
		<name>Disc Bulgerotation</name>
		<pose>Unspecified</pose>
		<truncated>0</truncated>
		<difficult>0</difficult>
		<occluded>0</occluded>
		<bndbox>
			<xmin>182</xmin>
			<xmax>223</xmax>
			<ymin>252</ymin>
			<ymax>272</ymax>
		</bndbox>
	</object>
	<object>
		<name>Disc Bulgerotation</name>
		<pose>Unspecified</pose>
		<truncated>0</truncated>
		<difficult>0</difficult>
		<occluded>0</occluded>
		<bndbox>
			<xmin>168</xmin>
			<xmax>205</xmax>
			<ymin>137</ymin>
			<ymax>155</ymax>
		</bndbox>
	</object>
	<object>
		<name>Disc Bulgerotation</name>
		<pose>Unspecified</pose>
		<truncated>0</truncated>
		<difficult>0</difficult>
		<occluded>0</occluded>
		<bndbox>
			<xmin>176</xmin>
			<xmax>217</xmax>
			<ymin>224</ymin>
			<ymax>242</ymax>
		</bndbox>
	</object>
	<object>
		<name>Disc Bulgerotation</name>
		<pose>Unspecified</pose>
		<truncated>0</truncated>
		<difficult>0</difficult>
		<occluded>0</occluded>
		<bndbox>
			<xmin>170</xmin>
			<xmax>212</xmax>
			<ymin>169</ymin>
			<ymax>186</ymax>
		</bndbox>
	</object>
	<object>
		<name>Disc Bulgerotation</name>
		<pose>Unspecified</pose>
		<truncated>0</truncated>
		<difficult>0</difficult>
		<occluded>0</occluded>
		<bndbox>
			<xmin>174</xmin>
			<xmax>214</xmax>
			<ymin>198</ymin>
			<ymax>215</ymax>
		</bndbox>
	</object>
</annotation>
