<annotation>
	<folder></folder>
	<filename>CervicalDiffuseDiscBulges-Unknown8--7-_jpg.rf.2e0987fe1725ccc9b3b7a8db27c6087b.jpg</filename>
	<path>CervicalDiffuseDiscBulges-Unknown8--7-_jpg.rf.2e0987fe1725ccc9b3b7a8db27c6087b.jpg</path>
	<source>
		<database>roboflow.com</database>
	</source>
	<size>
		<width>416</width>
		<height>416</height>
		<depth>3</depth>
	</size>
	<segmented>0</segmented>
	<object>
		<name>Disc Bulgerotation</name>
		<pose>Unspecified</pose>
		<truncated>0</truncated>
		<difficult>0</difficult>
		<occluded>0</occluded>
		<bndbox>
			<xmin>161</xmin>
			<xmax>192</xmax>
			<ymin>221</ymin>
			<ymax>236</ymax>
		</bndbox>
	</object>
	<object>
		<name>Disc Bulgerotation</name>
		<pose>Unspecified</pose>
		<truncated>0</truncated>
		<difficult>0</difficult>
		<occluded>0</occluded>
		<bndbox>
			<xmin>150</xmin>
			<xmax>183</xmax>
			<ymin>174</ymin>
			<ymax>191</ymax>
		</bndbox>
	</object>
	<object>
		<name>Disc Bulgerotation</name>
		<pose>Unspecified</pose>
		<truncated>0</truncated>
		<difficult>0</difficult>
		<occluded>0</occluded>
		<bndbox>
			<xmin>153</xmin>
			<xmax>187</xmax>
			<ymin>195</ymin>
			<ymax>213</ymax>
		</bndbox>
	</object>
</annotation>
