<annotation>
	<folder></folder>
	<filename>CervicalSpondylodegenerativeChanges_Neural-AHMAD-MAHMOUD-IBRAHIM-AHMAD--18-_jpg.rf.b6fbc2c5943cc379f62c397c5095adc3.jpg</filename>
	<path>CervicalSpondylodegenerativeChanges_Neural-AHMAD-MAHMOUD-IBRAHIM-AHMAD--18-_jpg.rf.b6fbc2c5943cc379f62c397c5095adc3.jpg</path>
	<source>
		<database>roboflow.com</database>
	</source>
	<size>
		<width>416</width>
		<height>416</height>
		<depth>3</depth>
	</size>
	<segmented>0</segmented>
	<object>
		<name>Degenerative Disc Diseaserotation</name>
		<pose>Unspecified</pose>
		<truncated>0</truncated>
		<difficult>0</difficult>
		<occluded>0</occluded>
		<bndbox>
			<xmin>178</xmin>
			<xmax>217</xmax>
			<ymin>239</ymin>
			<ymax>254</ymax>
		</bndbox>
	</object>
	<object>
		<name>Disc Bulgerotation</name>
		<pose>Unspecified</pose>
		<truncated>0</truncated>
		<difficult>0</difficult>
		<occluded>0</occluded>
		<bndbox>
			<xmin>178</xmin>
			<xmax>217</xmax>
			<ymin>239</ymin>
			<ymax>254</ymax>
		</bndbox>
	</object>
</annotation>
