<annotation>
	<folder></folder>
	<filename>CervicalSpondylodegenerativeChanges-Unknown4--4-_jpg.rf.c86ff98c1c88caa619b9181cb0cbb941.jpg</filename>
	<path>CervicalSpondylodegenerativeChanges-Unknown4--4-_jpg.rf.c86ff98c1c88caa619b9181cb0cbb941.jpg</path>
	<source>
		<database>roboflow.com</database>
	</source>
	<size>
		<width>416</width>
		<height>416</height>
		<depth>3</depth>
	</size>
	<segmented>0</segmented>
	<object>
		<name>Disc Bulgerotation</name>
		<pose>Unspecified</pose>
		<truncated>0</truncated>
		<difficult>0</difficult>
		<occluded>0</occluded>
		<bndbox>
			<xmin>179</xmin>
			<xmax>207</xmax>
			<ymin>251</ymin>
			<ymax>267</ymax>
		</bndbox>
	</object>
	<object>
		<name>Disc Bulgerotation</name>
		<pose>Unspecified</pose>
		<truncated>0</truncated>
		<difficult>0</difficult>
		<occluded>0</occluded>
		<bndbox>
			<xmin>176</xmin>
			<xmax>207</xmax>
			<ymin>223</ymin>
			<ymax>237</ymax>
		</bndbox>
	</object>
</annotation>
