<annotation>
	<folder></folder>
	<filename>CervicalSpondylodegenerativeChanges-SAMMAH-MOSTAFA-KAMEL-MOHAMED--18-_jpg.rf.084f4cd01cdc34ad962088a57f9bb5ae.jpg</filename>
	<path>CervicalSpondylodegenerativeChanges-SAMMAH-MOSTAFA-KAMEL-MOHAMED--18-_jpg.rf.084f4cd01cdc34ad962088a57f9bb5ae.jpg</path>
	<source>
		<database>roboflow.com</database>
	</source>
	<size>
		<width>416</width>
		<height>416</height>
		<depth>3</depth>
	</size>
	<segmented>0</segmented>
	<object>
		<name>Disc Herniationrotation</name>
		<pose>Unspecified</pose>
		<truncated>0</truncated>
		<difficult>0</difficult>
		<occluded>0</occluded>
		<bndbox>
			<xmin>186</xmin>
			<xmax>225</xmax>
			<ymin>226</ymin>
			<ymax>244</ymax>
		</bndbox>
	</object>
	<object>
		<name>Disc Protrusionrotation</name>
		<pose>Unspecified</pose>
		<truncated>0</truncated>
		<difficult>0</difficult>
		<occluded>0</occluded>
		<bndbox>
			<xmin>168</xmin>
			<xmax>200</xmax>
			<ymin>174</ymin>
			<ymax>193</ymax>
		</bndbox>
	</object>
</annotation>
