<annotation>
	<folder></folder>
	<filename>CervicalDegenerativeDiscDisease-Unknown11--7-_jpg.rf.544220a3d767368593d5a9d74a80e393.jpg</filename>
	<path>CervicalDegenerativeDiscDisease-Unknown11--7-_jpg.rf.544220a3d767368593d5a9d74a80e393.jpg</path>
	<source>
		<database>roboflow.com</database>
	</source>
	<size>
		<width>416</width>
		<height>416</height>
		<depth>3</depth>
	</size>
	<segmented>0</segmented>
	<object>
		<name>Osteophytesrotation</name>
		<pose>Unspecified</pose>
		<truncated>0</truncated>
		<difficult>0</difficult>
		<occluded>0</occluded>
		<bndbox>
			<xmin>143</xmin>
			<xmax>173</xmax>
			<ymin>230</ymin>
			<ymax>242</ymax>
		</bndbox>
	</object>
	<object>
		<name>Disc Bulgerotation</name>
		<pose>Unspecified</pose>
		<truncated>0</truncated>
		<difficult>0</difficult>
		<occluded>0</occluded>
		<bndbox>
			<xmin>143</xmin>
			<xmax>173</xmax>
			<ymin>230</ymin>
			<ymax>242</ymax>
		</bndbox>
	</object>
	<object>
		<name>Osteophytesrotation</name>
		<pose>Unspecified</pose>
		<truncated>0</truncated>
		<difficult>0</difficult>
		<occluded>0</occluded>
		<bndbox>
			<xmin>137</xmin>
			<xmax>167</xmax>
			<ymin>214</ymin>
			<ymax>226</ymax>
		</bndbox>
	</object>
	<object>
		<name>Disc Bulgerotation</name>
		<pose>Unspecified</pose>
		<truncated>0</truncated>
		<difficult>0</difficult>
		<occluded>0</occluded>
		<bndbox>
			<xmin>137</xmin>
			<xmax>167</xmax>
			<ymin>214</ymin>
			<ymax>226</ymax>
		</bndbox>
	</object>
</annotation>
