<annotation>
	<folder></folder>
	<filename>CervicalDegenerativeDiscDisease-Unknown11--6-_jpg.rf.b2b66aff6fb0e88bb0aac91c6ece7a22.jpg</filename>
	<path>CervicalDegenerativeDiscDisease-Unknown11--6-_jpg.rf.b2b66aff6fb0e88bb0aac91c6ece7a22.jpg</path>
	<source>
		<database>roboflow.com</database>
	</source>
	<size>
		<width>416</width>
		<height>416</height>
		<depth>3</depth>
	</size>
	<segmented>0</segmented>
	<object>
		<name>Disc Bulgerotation</name>
		<pose>Unspecified</pose>
		<truncated>0</truncated>
		<difficult>0</difficult>
		<occluded>0</occluded>
		<bndbox>
			<xmin>135</xmin>
			<xmax>164</xmax>
			<ymin>215</ymin>
			<ymax>226</ymax>
		</bndbox>
	</object>
	<object>
		<name>Osteophytesrotation</name>
		<pose>Unspecified</pose>
		<truncated>0</truncated>
		<difficult>0</difficult>
		<occluded>0</occluded>
		<bndbox>
			<xmin>139</xmin>
			<xmax>171</xmax>
			<ymin>231</ymin>
			<ymax>245</ymax>
		</bndbox>
	</object>
	<object>
		<name>Disc Bulgerotation</name>
		<pose>Unspecified</pose>
		<truncated>0</truncated>
		<difficult>0</difficult>
		<occluded>0</occluded>
		<bndbox>
			<xmin>140</xmin>
			<xmax>171</xmax>
			<ymin>231</ymin>
			<ymax>245</ymax>
		</bndbox>
	</object>
	<object>
		<name>Osteophytesrotation</name>
		<pose>Unspecified</pose>
		<truncated>0</truncated>
		<difficult>0</difficult>
		<occluded>0</occluded>
		<bndbox>
			<xmin>136</xmin>
			<xmax>165</xmax>
			<ymin>215</ymin>
			<ymax>226</ymax>
		</bndbox>
	</object>
</annotation>
