<annotation>
	<folder></folder>
	<filename>CervicalSpondylodegenerativeChanges-Unknown4--24-_jpg.rf.5d42dd478ecd4d5a9ee8a87f225ad36f.jpg</filename>
	<path>CervicalSpondylodegenerativeChanges-Unknown4--24-_jpg.rf.5d42dd478ecd4d5a9ee8a87f225ad36f.jpg</path>
	<source>
		<database>roboflow.com</database>
	</source>
	<size>
		<width>416</width>
		<height>416</height>
		<depth>3</depth>
	</size>
	<segmented>0</segmented>
	<object>
		<name>Disc Bulgerotation</name>
		<pose>Unspecified</pose>
		<truncated>0</truncated>
		<difficult>0</difficult>
		<occluded>0</occluded>
		<bndbox>
			<xmin>180</xmin>
			<xmax>207</xmax>
			<ymin>224</ymin>
			<ymax>241</ymax>
		</bndbox>
	</object>
	<object>
		<name>Disc Bulgerotation</name>
		<pose>Unspecified</pose>
		<truncated>0</truncated>
		<difficult>0</difficult>
		<occluded>0</occluded>
		<bndbox>
			<xmin>182</xmin>
			<xmax>207</xmax>
			<ymin>251</ymin>
			<ymax>264</ymax>
		</bndbox>
	</object>
</annotation>
