<annotation>
	<folder></folder>
	<filename>CervicalDiffuseDiscBulges-Unknown10--22-_jpg.rf.4975395a0ad23b825f9370771eaffd51.jpg</filename>
	<path>CervicalDiffuseDiscBulges-Unknown10--22-_jpg.rf.4975395a0ad23b825f9370771eaffd51.jpg</path>
	<source>
		<database>roboflow.com</database>
	</source>
	<size>
		<width>416</width>
		<height>416</height>
		<depth>3</depth>
	</size>
	<segmented>0</segmented>
	<object>
		<name>Disc Bulgerotation</name>
		<pose>Unspecified</pose>
		<truncated>0</truncated>
		<difficult>0</difficult>
		<occluded>0</occluded>
		<bndbox>
			<xmin>176</xmin>
			<xmax>205</xmax>
			<ymin>229</ymin>
			<ymax>247</ymax>
		</bndbox>
	</object>
	<object>
		<name>Osteophytesrotation</name>
		<pose>Unspecified</pose>
		<truncated>0</truncated>
		<difficult>0</difficult>
		<occluded>0</occluded>
		<bndbox>
			<xmin>176</xmin>
			<xmax>205</xmax>
			<ymin>230</ymin>
			<ymax>247</ymax>
		</bndbox>
	</object>
	<object>
		<name>Osteophytesrotation</name>
		<pose>Unspecified</pose>
		<truncated>0</truncated>
		<difficult>0</difficult>
		<occluded>0</occluded>
		<bndbox>
			<xmin>177</xmin>
			<xmax>207</xmax>
			<ymin>256</ymin>
			<ymax>273</ymax>
		</bndbox>
	</object>
	<object>
		<name>Disc Bulgerotation</name>
		<pose>Unspecified</pose>
		<truncated>0</truncated>
		<difficult>0</difficult>
		<occluded>0</occluded>
		<bndbox>
			<xmin>178</xmin>
			<xmax>207</xmax>
			<ymin>256</ymin>
			<ymax>273</ymax>
		</bndbox>
	</object>
</annotation>
