<annotation>
	<folder></folder>
	<filename>CervicalDiffuseDiscBulges-AHMAD-MOHAMED-KAMAL-ABD-AL-AZIZ--23-_jpg.rf.642aacf2c21d027e8a68cdee74696f2a.jpg</filename>
	<path>CervicalDiffuseDiscBulges-AHMAD-MOHAMED-KAMAL-ABD-AL-AZIZ--23-_jpg.rf.642aacf2c21d027e8a68cdee74696f2a.jpg</path>
	<source>
		<database>roboflow.com</database>
	</source>
	<size>
		<width>416</width>
		<height>416</height>
		<depth>3</depth>
	</size>
	<segmented>0</segmented>
	<object>
		<name>Disc Bulgerotation</name>
		<pose>Unspecified</pose>
		<truncated>0</truncated>
		<difficult>0</difficult>
		<occluded>0</occluded>
		<bndbox>
			<xmin>183</xmin>
			<xmax>215</xmax>
			<ymin>264</ymin>
			<ymax>291</ymax>
		</bndbox>
	</object>
	<object>
		<name>Disc Bulgerotation</name>
		<pose>Unspecified</pose>
		<truncated>0</truncated>
		<difficult>0</difficult>
		<occluded>0</occluded>
		<bndbox>
			<xmin>174</xmin>
			<xmax>204</xmax>
			<ymin>162</ymin>
			<ymax>187</ymax>
		</bndbox>
	</object>
</annotation>
