<annotation>
	<folder></folder>
	<filename>CervicalDegenerativeDiscDisease-Unknown11--14-_jpg.rf.c0f563bfeab5f26d2981ab46eaa77634.jpg</filename>
	<path>CervicalDegenerativeDiscDisease-Unknown11--14-_jpg.rf.c0f563bfeab5f26d2981ab46eaa77634.jpg</path>
	<source>
		<database>roboflow.com</database>
	</source>
	<size>
		<width>416</width>
		<height>416</height>
		<depth>3</depth>
	</size>
	<segmented>0</segmented>
	<object>
		<name>Osteophytesrotation</name>
		<pose>Unspecified</pose>
		<truncated>0</truncated>
		<difficult>0</difficult>
		<occluded>0</occluded>
		<bndbox>
			<xmin>141</xmin>
			<xmax>172</xmax>
			<ymin>231</ymin>
			<ymax>245</ymax>
		</bndbox>
	</object>
	<object>
		<name>Osteophytesrotation</name>
		<pose>Unspecified</pose>
		<truncated>0</truncated>
		<difficult>0</difficult>
		<occluded>0</occluded>
		<bndbox>
			<xmin>134</xmin>
			<xmax>165</xmax>
			<ymin>216</ymin>
			<ymax>227</ymax>
		</bndbox>
	</object>
	<object>
		<name>Disc Bulgerotation</name>
		<pose>Unspecified</pose>
		<truncated>0</truncated>
		<difficult>0</difficult>
		<occluded>0</occluded>
		<bndbox>
			<xmin>134</xmin>
			<xmax>165</xmax>
			<ymin>216</ymin>
			<ymax>227</ymax>
		</bndbox>
	</object>
	<object>
		<name>Disc Bulgerotation</name>
		<pose>Unspecified</pose>
		<truncated>0</truncated>
		<difficult>0</difficult>
		<occluded>0</occluded>
		<bndbox>
			<xmin>141</xmin>
			<xmax>172</xmax>
			<ymin>231</ymin>
			<ymax>245</ymax>
		</bndbox>
	</object>
</annotation>
