<annotation>
	<folder></folder>
	<filename>CervicalDiffuseDiscBulges-Unknown8--5-_jpg.rf.b6151cd390ddd21c858119d143a1fe10.jpg</filename>
	<path>CervicalDiffuseDiscBulges-Unknown8--5-_jpg.rf.b6151cd390ddd21c858119d143a1fe10.jpg</path>
	<source>
		<database>roboflow.com</database>
	</source>
	<size>
		<width>416</width>
		<height>416</height>
		<depth>3</depth>
	</size>
	<segmented>0</segmented>
	<object>
		<name>Disc Bulgerotation</name>
		<pose>Unspecified</pose>
		<truncated>0</truncated>
		<difficult>0</difficult>
		<occluded>0</occluded>
		<bndbox>
			<xmin>150</xmin>
			<xmax>182</xmax>
			<ymin>173</ymin>
			<ymax>188</ymax>
		</bndbox>
	</object>
	<object>
		<name>Disc Bulgerotation</name>
		<pose>Unspecified</pose>
		<truncated>0</truncated>
		<difficult>0</difficult>
		<occluded>0</occluded>
		<bndbox>
			<xmin>154</xmin>
			<xmax>187</xmax>
			<ymin>195</ymin>
			<ymax>212</ymax>
		</bndbox>
	</object>
	<object>
		<name>Disc Bulgerotation</name>
		<pose>Unspecified</pose>
		<truncated>0</truncated>
		<difficult>0</difficult>
		<occluded>0</occluded>
		<bndbox>
			<xmin>161</xmin>
			<xmax>191</xmax>
			<ymin>219</ymin>
			<ymax>234</ymax>
		</bndbox>
	</object>
</annotation>
