<annotation>
	<folder></folder>
	<filename>CervicalDegenerativeDiscDisease-Unknown13--16-_jpg.rf.a78d4e331533a573104c5c3b5b1503b4.jpg</filename>
	<path>CervicalDegenerativeDiscDisease-Unknown13--16-_jpg.rf.a78d4e331533a573104c5c3b5b1503b4.jpg</path>
	<source>
		<database>roboflow.com</database>
	</source>
	<size>
		<width>416</width>
		<height>416</height>
		<depth>3</depth>
	</size>
	<segmented>0</segmented>
	<object>
		<name>Disc Bulgerotation</name>
		<pose>Unspecified</pose>
		<truncated>0</truncated>
		<difficult>0</difficult>
		<occluded>0</occluded>
		<bndbox>
			<xmin>193</xmin>
			<xmax>232</xmax>
			<ymin>264</ymin>
			<ymax>283</ymax>
		</bndbox>
	</object>
	<object>
		<name>Osteophytesrotation</name>
		<pose>Unspecified</pose>
		<truncated>0</truncated>
		<difficult>0</difficult>
		<occluded>0</occluded>
		<bndbox>
			<xmin>193</xmin>
			<xmax>232</xmax>
			<ymin>263</ymin>
			<ymax>283</ymax>
		</bndbox>
	</object>
	<object>
		<name>Disc Bulgerotation</name>
		<pose>Unspecified</pose>
		<truncated>0</truncated>
		<difficult>0</difficult>
		<occluded>0</occluded>
		<bndbox>
			<xmin>170</xmin>
			<xmax>208</xmax>
			<ymin>210</ymin>
			<ymax>222</ymax>
		</bndbox>
	</object>
	<object>
		<name>Osteophytesrotation</name>
		<pose>Unspecified</pose>
		<truncated>0</truncated>
		<difficult>0</difficult>
		<occluded>0</occluded>
		<bndbox>
			<xmin>170</xmin>
			<xmax>208</xmax>
			<ymin>210</ymin>
			<ymax>222</ymax>
		</bndbox>
	</object>
	<object>
		<name>Osteophytesrotation</name>
		<pose>Unspecified</pose>
		<truncated>0</truncated>
		<difficult>0</difficult>
		<occluded>0</occluded>
		<bndbox>
			<xmin>176</xmin>
			<xmax>215</xmax>
			<ymin>227</ymin>
			<ymax>240</ymax>
		</bndbox>
	</object>
</annotation>
