<annotation>
	<folder></folder>
	<filename>CervicalDegenerativeDiscDisease-Unknown12--7-_jpg.rf.e718478b3bd79cb97b66d942f666b41a.jpg</filename>
	<path>CervicalDegenerativeDiscDisease-Unknown12--7-_jpg.rf.e718478b3bd79cb97b66d942f666b41a.jpg</path>
	<source>
		<database>roboflow.com</database>
	</source>
	<size>
		<width>416</width>
		<height>416</height>
		<depth>3</depth>
	</size>
	<segmented>0</segmented>
	<object>
		<name>Degenerative Disc Diseaserotation</name>
		<pose>Unspecified</pose>
		<truncated>0</truncated>
		<difficult>0</difficult>
		<occluded>0</occluded>
		<bndbox>
			<xmin>142</xmin>
			<xmax>174</xmax>
			<ymin>230</ymin>
			<ymax>244</ymax>
		</bndbox>
	</object>
</annotation>
