<annotation>
	<folder></folder>
	<filename>CervicalDiffuseDiscBulges-Unknown1--17-_jpg.rf.cab3e9f52b2b59094b6fe0fdc238d586.jpg</filename>
	<path>CervicalDiffuseDiscBulges-Unknown1--17-_jpg.rf.cab3e9f52b2b59094b6fe0fdc238d586.jpg</path>
	<source>
		<database>roboflow.com</database>
	</source>
	<size>
		<width>416</width>
		<height>416</height>
		<depth>3</depth>
	</size>
	<segmented>0</segmented>
	<object>
		<name>Disc Bulgerotation</name>
		<pose>Unspecified</pose>
		<truncated>0</truncated>
		<difficult>0</difficult>
		<occluded>0</occluded>
		<bndbox>
			<xmin>173</xmin>
			<xmax>197</xmax>
			<ymin>287</ymin>
			<ymax>304</ymax>
		</bndbox>
	</object>
	<object>
		<name>Disc Bulgerotation</name>
		<pose>Unspecified</pose>
		<truncated>0</truncated>
		<difficult>0</difficult>
		<occluded>0</occluded>
		<bndbox>
			<xmin>163</xmin>
			<xmax>192</xmax>
			<ymin>266</ymin>
			<ymax>280</ymax>
		</bndbox>
	</object>
	<object>
		<name>Disc Bulgerotation</name>
		<pose>Unspecified</pose>
		<truncated>0</truncated>
		<difficult>0</difficult>
		<occluded>0</occluded>
		<bndbox>
			<xmin>161</xmin>
			<xmax>190</xmax>
			<ymin>243</ymin>
			<ymax>257</ymax>
		</bndbox>
	</object>
</annotation>
