<annotation>
	<folder></folder>
	<filename>CervicalDiffuseDiscBulges-Unknown8--38-_jpg.rf.4f112e9f5f78a40b5b4833e5aa782b5a.jpg</filename>
	<path>CervicalDiffuseDiscBulges-Unknown8--38-_jpg.rf.4f112e9f5f78a40b5b4833e5aa782b5a.jpg</path>
	<source>
		<database>roboflow.com</database>
	</source>
	<size>
		<width>416</width>
		<height>416</height>
		<depth>3</depth>
	</size>
	<segmented>0</segmented>
	<object>
		<name>Disc Bulgerotation</name>
		<pose>Unspecified</pose>
		<truncated>0</truncated>
		<difficult>0</difficult>
		<occluded>0</occluded>
		<bndbox>
			<xmin>160</xmin>
			<xmax>190</xmax>
			<ymin>215</ymin>
			<ymax>237</ymax>
		</bndbox>
	</object>
	<object>
		<name>Disc Bulgerotation</name>
		<pose>Unspecified</pose>
		<truncated>0</truncated>
		<difficult>0</difficult>
		<occluded>0</occluded>
		<bndbox>
			<xmin>154</xmin>
			<xmax>185</xmax>
			<ymin>193</ymin>
			<ymax>211</ymax>
		</bndbox>
	</object>
	<object>
		<name>Disc Bulgerotation</name>
		<pose>Unspecified</pose>
		<truncated>0</truncated>
		<difficult>0</difficult>
		<occluded>0</occluded>
		<bndbox>
			<xmin>151</xmin>
			<xmax>182</xmax>
			<ymin>172</ymin>
			<ymax>188</ymax>
		</bndbox>
	</object>
</annotation>
