<annotation>
	<folder></folder>
	<filename>CervicalSpondylodegenerativeChanges-BUSAYNA-HESSIEN-MOHAMED-IBRAHIM--15-_jpg.rf.da0c9f0fb989a110873ccbd4617b1422.jpg</filename>
	<path>CervicalSpondylodegenerativeChanges-BUSAYNA-HESSIEN-MOHAMED-IBRAHIM--15-_jpg.rf.da0c9f0fb989a110873ccbd4617b1422.jpg</path>
	<source>
		<database>roboflow.com</database>
	</source>
	<size>
		<width>416</width>
		<height>416</height>
		<depth>3</depth>
	</size>
	<segmented>0</segmented>
	<object>
		<name>Disc Bulgerotation</name>
		<pose>Unspecified</pose>
		<truncated>0</truncated>
		<difficult>0</difficult>
		<occluded>0</occluded>
		<bndbox>
			<xmin>188</xmin>
			<xmax>224</xmax>
			<ymin>232</ymin>
			<ymax>249</ymax>
		</bndbox>
	</object>
</annotation>
