<annotation>
	<folder></folder>
	<filename>CervicalDegenerativeDiscDisease-EMAD-ABD-alhkm-ABD-ALHAKIM--3-_jpg.rf.dc3fbaa801b404f0667ed868efa37c26.jpg</filename>
	<path>CervicalDegenerativeDiscDisease-EMAD-ABD-alhkm-ABD-ALHAKIM--3-_jpg.rf.dc3fbaa801b404f0667ed868efa37c26.jpg</path>
	<source>
		<database>roboflow.com</database>
	</source>
	<size>
		<width>416</width>
		<height>416</height>
		<depth>3</depth>
	</size>
	<segmented>0</segmented>
	<object>
		<name>Disc Bulgerotation</name>
		<pose>Unspecified</pose>
		<truncated>0</truncated>
		<difficult>0</difficult>
		<occluded>0</occluded>
		<bndbox>
			<xmin>167</xmin>
			<xmax>201</xmax>
			<ymin>207</ymin>
			<ymax>221</ymax>
		</bndbox>
	</object>
	<object>
		<name>Disc Bulgerotation</name>
		<pose>Unspecified</pose>
		<truncated>0</truncated>
		<difficult>0</difficult>
		<occluded>0</occluded>
		<bndbox>
			<xmin>178</xmin>
			<xmax>215</xmax>
			<ymin>270</ymin>
			<ymax>285</ymax>
		</bndbox>
	</object>
</annotation>
