<annotation>
	<folder></folder>
	<filename>CervicalSpondylodegenerativeChanges-FWAKH-MOHAMED-METWALY-ALSAYED--19-_jpg.rf.3a445546a9d58af88ad1e0744e01d4e3.jpg</filename>
	<path>CervicalSpondylodegenerativeChanges-FWAKH-MOHAMED-METWALY-ALSAYED--19-_jpg.rf.3a445546a9d58af88ad1e0744e01d4e3.jpg</path>
	<source>
		<database>roboflow.com</database>
	</source>
	<size>
		<width>416</width>
		<height>416</height>
		<depth>3</depth>
	</size>
	<segmented>0</segmented>
	<object>
		<name>Disc Bulgerotation</name>
		<pose>Unspecified</pose>
		<truncated>0</truncated>
		<difficult>0</difficult>
		<occluded>0</occluded>
		<bndbox>
			<xmin>190</xmin>
			<xmax>233</xmax>
			<ymin>257</ymin>
			<ymax>273</ymax>
		</bndbox>
	</object>
	<object>
		<name>Disc Bulgerotation</name>
		<pose>Unspecified</pose>
		<truncated>0</truncated>
		<difficult>0</difficult>
		<occluded>0</occluded>
		<bndbox>
			<xmin>187</xmin>
			<xmax>234</xmax>
			<ymin>234</ymin>
			<ymax>247</ymax>
		</bndbox>
	</object>
</annotation>
