<annotation>
	<folder></folder>
	<filename>CervicalDegenerativeDiscDisease-Unknown5--3-_jpg.rf.e605dd9eb3e448a5eaa139f2b2de2855.jpg</filename>
	<path>CervicalDegenerativeDiscDisease-Unknown5--3-_jpg.rf.e605dd9eb3e448a5eaa139f2b2de2855.jpg</path>
	<source>
		<database>roboflow.com</database>
	</source>
	<size>
		<width>416</width>
		<height>416</height>
		<depth>3</depth>
	</size>
	<segmented>0</segmented>
	<object>
		<name>Disc Bulgerotation</name>
		<pose>Unspecified</pose>
		<truncated>0</truncated>
		<difficult>0</difficult>
		<occluded>0</occluded>
		<bndbox>
			<xmin>185</xmin>
			<xmax>212</xmax>
			<ymin>261</ymin>
			<ymax>277</ymax>
		</bndbox>
	</object>
</annotation>
