<annotation>
	<folder></folder>
	<filename>CervicalSpondylodegenerativeChanges-SAMMAH-MOSTAFA-KAMEL-MOHAMED--17-_jpg.rf.814df0334f5a19b4d443af5abacffe8c.jpg</filename>
	<path>CervicalSpondylodegenerativeChanges-SAMMAH-MOSTAFA-KAMEL-MOHAMED--17-_jpg.rf.814df0334f5a19b4d443af5abacffe8c.jpg</path>
	<source>
		<database>roboflow.com</database>
	</source>
	<size>
		<width>416</width>
		<height>416</height>
		<depth>3</depth>
	</size>
	<segmented>0</segmented>
	<object>
		<name>Disc Herniationrotation</name>
		<pose>Unspecified</pose>
		<truncated>0</truncated>
		<difficult>0</difficult>
		<occluded>0</occluded>
		<bndbox>
			<xmin>185</xmin>
			<xmax>223</xmax>
			<ymin>222</ymin>
			<ymax>244</ymax>
		</bndbox>
	</object>
	<object>
		<name>Disc Protrusionrotation</name>
		<pose>Unspecified</pose>
		<truncated>0</truncated>
		<difficult>0</difficult>
		<occluded>0</occluded>
		<bndbox>
			<xmin>169</xmin>
			<xmax>201</xmax>
			<ymin>175</ymin>
			<ymax>194</ymax>
		</bndbox>
	</object>
</annotation>
