<annotation>
	<folder></folder>
	<filename>CervicalSpondylodegenerativeChanges-ABD-ALRAHIM-MOHAMED-ABD-ALRAHIM-AHMAD--21-_jpg.rf.b130d52089f89cf88399a3b92b53475d.jpg</filename>
	<path>CervicalSpondylodegenerativeChanges-ABD-ALRAHIM-MOHAMED-ABD-ALRAHIM-AHMAD--21-_jpg.rf.b130d52089f89cf88399a3b92b53475d.jpg</path>
	<source>
		<database>roboflow.com</database>
	</source>
	<size>
		<width>416</width>
		<height>416</height>
		<depth>3</depth>
	</size>
	<segmented>0</segmented>
	<object>
		<name>Disc Herniationrotation</name>
		<pose>Unspecified</pose>
		<truncated>0</truncated>
		<difficult>0</difficult>
		<occluded>0</occluded>
		<bndbox>
			<xmin>151</xmin>
			<xmax>189</xmax>
			<ymin>230</ymin>
			<ymax>247</ymax>
		</bndbox>
	</object>
	<object>
		<name>Disc Herniationrotation</name>
		<pose>Unspecified</pose>
		<truncated>0</truncated>
		<difficult>0</difficult>
		<occluded>0</occluded>
		<bndbox>
			<xmin>158</xmin>
			<xmax>192</xmax>
			<ymin>260</ymin>
			<ymax>275</ymax>
		</bndbox>
	</object>
	<object>
		<name>Disc Herniationrotation</name>
		<pose>Unspecified</pose>
		<truncated>0</truncated>
		<difficult>0</difficult>
		<occluded>0</occluded>
		<bndbox>
			<xmin>145</xmin>
			<xmax>183</xmax>
			<ymin>172</ymin>
			<ymax>191</ymax>
		</bndbox>
	</object>
	<object>
		<name>Osteophytesrotation</name>
		<pose>Unspecified</pose>
		<truncated>0</truncated>
		<difficult>0</difficult>
		<occluded>0</occluded>
		<bndbox>
			<xmin>151</xmin>
			<xmax>189</xmax>
			<ymin>229</ymin>
			<ymax>247</ymax>
		</bndbox>
	</object>
	<object>
		<name>Osteophytesrotation</name>
		<pose>Unspecified</pose>
		<truncated>0</truncated>
		<difficult>0</difficult>
		<occluded>0</occluded>
		<bndbox>
			<xmin>158</xmin>
			<xmax>192</xmax>
			<ymin>260</ymin>
			<ymax>275</ymax>
		</bndbox>
	</object>
	<object>
		<name>Osteophytesrotation</name>
		<pose>Unspecified</pose>
		<truncated>0</truncated>
		<difficult>0</difficult>
		<occluded>0</occluded>
		<bndbox>
			<xmin>147</xmin>
			<xmax>188</xmax>
			<ymin>201</ymin>
			<ymax>217</ymax>
		</bndbox>
	</object>
	<object>
		<name>Osteophytesrotation</name>
		<pose>Unspecified</pose>
		<truncated>0</truncated>
		<difficult>0</difficult>
		<occluded>0</occluded>
		<bndbox>
			<xmin>145</xmin>
			<xmax>183</xmax>
			<ymin>172</ymin>
			<ymax>191</ymax>
		</bndbox>
	</object>
	<object>
		<name>Disc Herniationrotation</name>
		<pose>Unspecified</pose>
		<truncated>0</truncated>
		<difficult>0</difficult>
		<occluded>0</occluded>
		<bndbox>
			<xmin>147</xmin>
			<xmax>188</xmax>
			<ymin>201</ymin>
			<ymax>217</ymax>
		</bndbox>
	</object>
</annotation>
