<annotation>
	<folder></folder>
	<filename>CervicalDiffuseDiscBulges-Unknown10--7-_jpg.rf.0d380850297b19bf5859d092bbd8ba8d.jpg</filename>
	<path>CervicalDiffuseDiscBulges-Unknown10--7-_jpg.rf.0d380850297b19bf5859d092bbd8ba8d.jpg</path>
	<source>
		<database>roboflow.com</database>
	</source>
	<size>
		<width>416</width>
		<height>416</height>
		<depth>3</depth>
	</size>
	<segmented>0</segmented>
	<object>
		<name>Osteophytesrotation</name>
		<pose>Unspecified</pose>
		<truncated>0</truncated>
		<difficult>0</difficult>
		<occluded>0</occluded>
		<bndbox>
			<xmin>177</xmin>
			<xmax>204</xmax>
			<ymin>231</ymin>
			<ymax>248</ymax>
		</bndbox>
	</object>
	<object>
		<name>Osteophytesrotation</name>
		<pose>Unspecified</pose>
		<truncated>0</truncated>
		<difficult>0</difficult>
		<occluded>0</occluded>
		<bndbox>
			<xmin>181</xmin>
			<xmax>210</xmax>
			<ymin>255</ymin>
			<ymax>273</ymax>
		</bndbox>
	</object>
	<object>
		<name>Disc Bulgerotation</name>
		<pose>Unspecified</pose>
		<truncated>0</truncated>
		<difficult>0</difficult>
		<occluded>0</occluded>
		<bndbox>
			<xmin>177</xmin>
			<xmax>204</xmax>
			<ymin>230</ymin>
			<ymax>248</ymax>
		</bndbox>
	</object>
	<object>
		<name>Disc Bulgerotation</name>
		<pose>Unspecified</pose>
		<truncated>0</truncated>
		<difficult>0</difficult>
		<occluded>0</occluded>
		<bndbox>
			<xmin>181</xmin>
			<xmax>210</xmax>
			<ymin>255</ymin>
			<ymax>274</ymax>
		</bndbox>
	</object>
</annotation>
