<annotation>
	<folder></folder>
	<filename>CervicalDegenerativeDiscDisease-Unknown12--18-_jpg.rf.b87fa0cde9ab77276d4bb9ace7ab33b4.jpg</filename>
	<path>CervicalDegenerativeDiscDisease-Unknown12--18-_jpg.rf.b87fa0cde9ab77276d4bb9ace7ab33b4.jpg</path>
	<source>
		<database>roboflow.com</database>
	</source>
	<size>
		<width>416</width>
		<height>416</height>
		<depth>3</depth>
	</size>
	<segmented>0</segmented>
	<object>
		<name>Degenerative Disc Diseaserotation</name>
		<pose>Unspecified</pose>
		<truncated>0</truncated>
		<difficult>0</difficult>
		<occluded>0</occluded>
		<bndbox>
			<xmin>145</xmin>
			<xmax>174</xmax>
			<ymin>226</ymin>
			<ymax>241</ymax>
		</bndbox>
	</object>
</annotation>
