<annotation>
	<folder></folder>
	<filename>CervicalDiffuseDiscBulges-MAHA-MOSTAFA-KASSEM-DASOKI--11-_jpg.rf.db806f90968319ba139d406daa025202.jpg</filename>
	<path>CervicalDiffuseDiscBulges-MAHA-MOSTAFA-KASSEM-DASOKI--11-_jpg.rf.db806f90968319ba139d406daa025202.jpg</path>
	<source>
		<database>roboflow.com</database>
	</source>
	<size>
		<width>416</width>
		<height>416</height>
		<depth>3</depth>
	</size>
	<segmented>0</segmented>
	<object>
		<name>Disc Bulgerotation</name>
		<pose>Unspecified</pose>
		<truncated>0</truncated>
		<difficult>0</difficult>
		<occluded>0</occluded>
		<bndbox>
			<xmin>188</xmin>
			<xmax>215</xmax>
			<ymin>231</ymin>
			<ymax>246</ymax>
		</bndbox>
	</object>
	<object>
		<name>Disc Bulgerotation</name>
		<pose>Unspecified</pose>
		<truncated>0</truncated>
		<difficult>0</difficult>
		<occluded>0</occluded>
		<bndbox>
			<xmin>191</xmin>
			<xmax>223</xmax>
			<ymin>255</ymin>
			<ymax>271</ymax>
		</bndbox>
	</object>
</annotation>
