<annotation>
	<folder></folder>
	<filename>CervicalMultilevelDegenerativeDiscDisease-MAGDA-AHMAD-ALSAYED--10-_jpg.rf.e9d6aec5ccbb2970f638df0f8a043518.jpg</filename>
	<path>CervicalMultilevelDegenerativeDiscDisease-MAGDA-AHMAD-ALSAYED--10-_jpg.rf.e9d6aec5ccbb2970f638df0f8a043518.jpg</path>
	<source>
		<database>roboflow.com</database>
	</source>
	<size>
		<width>416</width>
		<height>416</height>
		<depth>3</depth>
	</size>
	<segmented>0</segmented>
	<object>
		<name>Disc Bulgerotation</name>
		<pose>Unspecified</pose>
		<truncated>0</truncated>
		<difficult>0</difficult>
		<occluded>0</occluded>
		<bndbox>
			<xmin>183</xmin>
			<xmax>220</xmax>
			<ymin>172</ymin>
			<ymax>189</ymax>
		</bndbox>
	</object>
	<object>
		<name>Disc Bulgerotation</name>
		<pose>Unspecified</pose>
		<truncated>0</truncated>
		<difficult>0</difficult>
		<occluded>0</occluded>
		<bndbox>
			<xmin>179</xmin>
			<xmax>205</xmax>
			<ymin>141</ymin>
			<ymax>154</ymax>
		</bndbox>
	</object>
	<object>
		<name>Disc Bulgerotation</name>
		<pose>Unspecified</pose>
		<truncated>0</truncated>
		<difficult>0</difficult>
		<occluded>0</occluded>
		<bndbox>
			<xmin>187</xmin>
			<xmax>228</xmax>
			<ymin>204</ymin>
			<ymax>217</ymax>
		</bndbox>
	</object>
	<object>
		<name>Disc Protrusionrotation</name>
		<pose>Unspecified</pose>
		<truncated>0</truncated>
		<difficult>0</difficult>
		<occluded>0</occluded>
		<bndbox>
			<xmin>187</xmin>
			<xmax>228</xmax>
			<ymin>204</ymin>
			<ymax>217</ymax>
		</bndbox>
	</object>
</annotation>
