<annotation>
	<folder></folder>
	<filename>CervicalSpondylodegenerativeChanges-AZA-MOHAMED-MOHAMED-MOSA--15-_jpg.rf.7cd90b968c0005428cb7164e17d6c5e7.jpg</filename>
	<path>CervicalSpondylodegenerativeChanges-AZA-MOHAMED-MOHAMED-MOSA--15-_jpg.rf.7cd90b968c0005428cb7164e17d6c5e7.jpg</path>
	<source>
		<database>roboflow.com</database>
	</source>
	<size>
		<width>416</width>
		<height>416</height>
		<depth>3</depth>
	</size>
	<segmented>0</segmented>
	<object>
		<name>Disc Protrusionrotation</name>
		<pose>Unspecified</pose>
		<truncated>0</truncated>
		<difficult>0</difficult>
		<occluded>0</occluded>
		<bndbox>
			<xmin>197</xmin>
			<xmax>227</xmax>
			<ymin>254</ymin>
			<ymax>269</ymax>
		</bndbox>
	</object>
	<object>
		<name>Disc Protrusionrotation</name>
		<pose>Unspecified</pose>
		<truncated>0</truncated>
		<difficult>0</difficult>
		<occluded>0</occluded>
		<bndbox>
			<xmin>179</xmin>
			<xmax>209</xmax>
			<ymin>181</ymin>
			<ymax>197</ymax>
		</bndbox>
	</object>
	<object>
		<name>Disc Protrusionrotation</name>
		<pose>Unspecified</pose>
		<truncated>0</truncated>
		<difficult>0</difficult>
		<occluded>0</occluded>
		<bndbox>
			<xmin>187</xmin>
			<xmax>218</xmax>
			<ymin>206</ymin>
			<ymax>222</ymax>
		</bndbox>
	</object>
	<object>
		<name>Disc Protrusionrotation</name>
		<pose>Unspecified</pose>
		<truncated>0</truncated>
		<difficult>0</difficult>
		<occluded>0</occluded>
		<bndbox>
			<xmin>191</xmin>
			<xmax>225</xmax>
			<ymin>228</ymin>
			<ymax>242</ymax>
		</bndbox>
	</object>
</annotation>
