<annotation>
	<folder></folder>
	<filename>CervicalDegenerativeDiscDisease-Unknown12--9-_jpg.rf.5964bef330147e4357fd86f1962ebe0f.jpg</filename>
	<path>CervicalDegenerativeDiscDisease-Unknown12--9-_jpg.rf.5964bef330147e4357fd86f1962ebe0f.jpg</path>
	<source>
		<database>roboflow.com</database>
	</source>
	<size>
		<width>416</width>
		<height>416</height>
		<depth>3</depth>
	</size>
	<segmented>0</segmented>
	<object>
		<name>Degenerative Disc Diseaserotation</name>
		<pose>Unspecified</pose>
		<truncated>0</truncated>
		<difficult>0</difficult>
		<occluded>0</occluded>
		<bndbox>
			<xmin>146</xmin>
			<xmax>172</xmax>
			<ymin>225</ymin>
			<ymax>242</ymax>
		</bndbox>
	</object>
</annotation>
