<annotation>
	<folder></folder>
	<filename>CervicalDegenerativeDiscDisease-Unknown12--19-_jpg.rf.3bc1e57bd8dc964235549136c875a012.jpg</filename>
	<path>CervicalDegenerativeDiscDisease-Unknown12--19-_jpg.rf.3bc1e57bd8dc964235549136c875a012.jpg</path>
	<source>
		<database>roboflow.com</database>
	</source>
	<size>
		<width>416</width>
		<height>416</height>
		<depth>3</depth>
	</size>
	<segmented>0</segmented>
	<object>
		<name>Degenerative Disc Diseaserotation</name>
		<pose>Unspecified</pose>
		<truncated>0</truncated>
		<difficult>0</difficult>
		<occluded>0</occluded>
		<bndbox>
			<xmin>145</xmin>
			<xmax>174</xmax>
			<ymin>228</ymin>
			<ymax>241</ymax>
		</bndbox>
	</object>
</annotation>
