<annotation>
	<folder></folder>
	<filename>CervicalMultilevelDegenerativeDiscDisease-MAGDA-AHMAD-ALSAYED--2-_jpg.rf.490e6362e998dc075229ffe92b566cb7.jpg</filename>
	<path>CervicalMultilevelDegenerativeDiscDisease-MAGDA-AHMAD-ALSAYED--2-_jpg.rf.490e6362e998dc075229ffe92b566cb7.jpg</path>
	<source>
		<database>roboflow.com</database>
	</source>
	<size>
		<width>416</width>
		<height>416</height>
		<depth>3</depth>
	</size>
	<segmented>0</segmented>
	<object>
		<name>Disc Bulgerotation</name>
		<pose>Unspecified</pose>
		<truncated>0</truncated>
		<difficult>0</difficult>
		<occluded>0</occluded>
		<bndbox>
			<xmin>186</xmin>
			<xmax>221</xmax>
			<ymin>172</ymin>
			<ymax>187</ymax>
		</bndbox>
	</object>
	<object>
		<name>Disc Bulgerotation</name>
		<pose>Unspecified</pose>
		<truncated>0</truncated>
		<difficult>0</difficult>
		<occluded>0</occluded>
		<bndbox>
			<xmin>186</xmin>
			<xmax>227</xmax>
			<ymin>201</ymin>
			<ymax>214</ymax>
		</bndbox>
	</object>
	<object>
		<name>Disc Bulgerotation</name>
		<pose>Unspecified</pose>
		<truncated>0</truncated>
		<difficult>0</difficult>
		<occluded>0</occluded>
		<bndbox>
			<xmin>180</xmin>
			<xmax>207</xmax>
			<ymin>141</ymin>
			<ymax>154</ymax>
		</bndbox>
	</object>
	<object>
		<name>Disc Protrusionrotation</name>
		<pose>Unspecified</pose>
		<truncated>0</truncated>
		<difficult>0</difficult>
		<occluded>0</occluded>
		<bndbox>
			<xmin>186</xmin>
			<xmax>227</xmax>
			<ymin>201</ymin>
			<ymax>214</ymax>
		</bndbox>
	</object>
</annotation>
