<annotation>
	<folder></folder>
	<filename>CervicalDiffuseDiscBulges-Unknown8--42-_jpg.rf.2a1d9bf83e632913c0f4844253eb8a63.jpg</filename>
	<path>CervicalDiffuseDiscBulges-Unknown8--42-_jpg.rf.2a1d9bf83e632913c0f4844253eb8a63.jpg</path>
	<source>
		<database>roboflow.com</database>
	</source>
	<size>
		<width>416</width>
		<height>416</height>
		<depth>3</depth>
	</size>
	<segmented>0</segmented>
	<object>
		<name>Disc Bulgerotation</name>
		<pose>Unspecified</pose>
		<truncated>0</truncated>
		<difficult>0</difficult>
		<occluded>0</occluded>
		<bndbox>
			<xmin>153</xmin>
			<xmax>183</xmax>
			<ymin>172</ymin>
			<ymax>189</ymax>
		</bndbox>
	</object>
	<object>
		<name>Disc Bulgerotation</name>
		<pose>Unspecified</pose>
		<truncated>0</truncated>
		<difficult>0</difficult>
		<occluded>0</occluded>
		<bndbox>
			<xmin>155</xmin>
			<xmax>185</xmax>
			<ymin>195</ymin>
			<ymax>212</ymax>
		</bndbox>
	</object>
	<object>
		<name>Disc Bulgerotation</name>
		<pose>Unspecified</pose>
		<truncated>0</truncated>
		<difficult>0</difficult>
		<occluded>0</occluded>
		<bndbox>
			<xmin>162</xmin>
			<xmax>192</xmax>
			<ymin>216</ymin>
			<ymax>238</ymax>
		</bndbox>
	</object>
</annotation>
