<annotation>
	<folder></folder>
	<filename>CervicalDiffuseDiscBulges-MOHAMED-ALH-MAHMOUD-MABROUK--14-_jpg.rf.15ee44834e31ecd13ee89e1d533a5f3d.jpg</filename>
	<path>CervicalDiffuseDiscBulges-MOHAMED-ALH-MAHMOUD-MABROUK--14-_jpg.rf.15ee44834e31ecd13ee89e1d533a5f3d.jpg</path>
	<source>
		<database>roboflow.com</database>
	</source>
	<size>
		<width>416</width>
		<height>416</height>
		<depth>3</depth>
	</size>
	<segmented>0</segmented>
	<object>
		<name>Disc Bulgerotation</name>
		<pose>Unspecified</pose>
		<truncated>0</truncated>
		<difficult>0</difficult>
		<occluded>0</occluded>
		<bndbox>
			<xmin>180</xmin>
			<xmax>213</xmax>
			<ymin>226</ymin>
			<ymax>241</ymax>
		</bndbox>
	</object>
	<object>
		<name>Disc Bulgerotation</name>
		<pose>Unspecified</pose>
		<truncated>0</truncated>
		<difficult>0</difficult>
		<occluded>0</occluded>
		<bndbox>
			<xmin>170</xmin>
			<xmax>205</xmax>
			<ymin>135</ymin>
			<ymax>154</ymax>
		</bndbox>
	</object>
	<object>
		<name>Disc Protrusionrotation</name>
		<pose>Unspecified</pose>
		<truncated>0</truncated>
		<difficult>0</difficult>
		<occluded>0</occluded>
		<bndbox>
			<xmin>188</xmin>
			<xmax>220</xmax>
			<ymin>254</ymin>
			<ymax>270</ymax>
		</bndbox>
	</object>
	<object>
		<name>Disc Bulgerotation</name>
		<pose>Unspecified</pose>
		<truncated>0</truncated>
		<difficult>0</difficult>
		<occluded>0</occluded>
		<bndbox>
			<xmin>188</xmin>
			<xmax>220</xmax>
			<ymin>254</ymin>
			<ymax>270</ymax>
		</bndbox>
	</object>
	<object>
		<name>Disc Bulgerotation</name>
		<pose>Unspecified</pose>
		<truncated>0</truncated>
		<difficult>0</difficult>
		<occluded>0</occluded>
		<bndbox>
			<xmin>175</xmin>
			<xmax>211</xmax>
			<ymin>196</ymin>
			<ymax>214</ymax>
		</bndbox>
	</object>
	<object>
		<name>Disc Bulgerotation</name>
		<pose>Unspecified</pose>
		<truncated>0</truncated>
		<difficult>0</difficult>
		<occluded>0</occluded>
		<bndbox>
			<xmin>171</xmin>
			<xmax>208</xmax>
			<ymin>170</ymin>
			<ymax>188</ymax>
		</bndbox>
	</object>
</annotation>
