<annotation>
	<folder></folder>
	<filename>DegenerativeDiscDisease-Unknown1Unknown1--26-_jpg.rf.ee61b8117e5c3e4fd61070ee6d81c7ea.jpg</filename>
	<path>DegenerativeDiscDisease-Unknown1Unknown1--26-_jpg.rf.ee61b8117e5c3e4fd61070ee6d81c7ea.jpg</path>
	<source>
		<database>roboflow.com</database>
	</source>
	<size>
		<width>416</width>
		<height>416</height>
		<depth>3</depth>
	</size>
	<segmented>0</segmented>
	<object>
		<name>Disc Protrusionrotation</name>
		<pose>Unspecified</pose>
		<truncated>0</truncated>
		<difficult>0</difficult>
		<occluded>0</occluded>
		<bndbox>
			<xmin>198</xmin>
			<xmax>231</xmax>
			<ymin>127</ymin>
			<ymax>142</ymax>
		</bndbox>
	</object>
	<object>
		<name>Disc Protrusionrotation</name>
		<pose>Unspecified</pose>
		<truncated>0</truncated>
		<difficult>0</difficult>
		<occluded>0</occluded>
		<bndbox>
			<xmin>181</xmin>
			<xmax>224</xmax>
			<ymin>87</ymin>
			<ymax>114</ymax>
		</bndbox>
	</object>
</annotation>
