<annotation>
	<folder></folder>
	<filename>DegenerativeDiscDisease-Unknown1Unknown1--14-_jpg.rf.66b45f54115bdc16270c6a49a2d426f9.jpg</filename>
	<path>DegenerativeDiscDisease-Unknown1Unknown1--14-_jpg.rf.66b45f54115bdc16270c6a49a2d426f9.jpg</path>
	<source>
		<database>roboflow.com</database>
	</source>
	<size>
		<width>416</width>
		<height>416</height>
		<depth>3</depth>
	</size>
	<segmented>0</segmented>
	<object>
		<name>Disc Protrusionrotation</name>
		<pose>Unspecified</pose>
		<truncated>0</truncated>
		<difficult>0</difficult>
		<occluded>0</occluded>
		<bndbox>
			<xmin>196</xmin>
			<xmax>226</xmax>
			<ymin>126</ymin>
			<ymax>145</ymax>
		</bndbox>
	</object>
	<object>
		<name>Disc Protrusionrotation</name>
		<pose>Unspecified</pose>
		<truncated>0</truncated>
		<difficult>0</difficult>
		<occluded>0</occluded>
		<bndbox>
			<xmin>183</xmin>
			<xmax>219</xmax>
			<ymin>90</ymin>
			<ymax>115</ymax>
		</bndbox>
	</object>
</annotation>
