<annotation>
	<folder></folder>
	<filename>DegenerativeDiscDisease-Unknown1Unknown1--28-_jpg.rf.527a205cc13f398de46972fa86cea252.jpg</filename>
	<path>DegenerativeDiscDisease-Unknown1Unknown1--28-_jpg.rf.527a205cc13f398de46972fa86cea252.jpg</path>
	<source>
		<database>roboflow.com</database>
	</source>
	<size>
		<width>416</width>
		<height>416</height>
		<depth>3</depth>
	</size>
	<segmented>0</segmented>
	<object>
		<name>Disc Protrusionrotation</name>
		<pose>Unspecified</pose>
		<truncated>0</truncated>
		<difficult>0</difficult>
		<occluded>0</occluded>
		<bndbox>
			<xmin>188</xmin>
			<xmax>222</xmax>
			<ymin>128</ymin>
			<ymax>143</ymax>
		</bndbox>
	</object>
	<object>
		<name>Disc Protrusionrotation</name>
		<pose>Unspecified</pose>
		<truncated>0</truncated>
		<difficult>0</difficult>
		<occluded>0</occluded>
		<bndbox>
			<xmin>175</xmin>
			<xmax>206</xmax>
			<ymin>89</ymin>
			<ymax>118</ymax>
		</bndbox>
	</object>
</annotation>
