<annotation>
	<folder></folder>
	<filename>DegenerativeDiscDisease-Unknown1Unknown1--12-_jpg.rf.4b3ae8864c74b8944825026a1579ad33.jpg</filename>
	<path>DegenerativeDiscDisease-Unknown1Unknown1--12-_jpg.rf.4b3ae8864c74b8944825026a1579ad33.jpg</path>
	<source>
		<database>roboflow.com</database>
	</source>
	<size>
		<width>416</width>
		<height>416</height>
		<depth>3</depth>
	</size>
	<segmented>0</segmented>
	<object>
		<name>Disc Protrusionrotation</name>
		<pose>Unspecified</pose>
		<truncated>0</truncated>
		<difficult>0</difficult>
		<occluded>0</occluded>
		<bndbox>
			<xmin>176</xmin>
			<xmax>205</xmax>
			<ymin>91</ymin>
			<ymax>113</ymax>
		</bndbox>
	</object>
	<object>
		<name>Disc Protrusionrotation</name>
		<pose>Unspecified</pose>
		<truncated>0</truncated>
		<difficult>0</difficult>
		<occluded>0</occluded>
		<bndbox>
			<xmin>187</xmin>
			<xmax>217</xmax>
			<ymin>128</ymin>
			<ymax>145</ymax>
		</bndbox>
	</object>
</annotation>
