<annotation>
	<folder></folder>
	<filename>DegenerativeDiscDisease-Unknown1Unknown1--23-_jpg.rf.a0af1625abd3c15dce63b66386b987df.jpg</filename>
	<path>DegenerativeDiscDisease-Unknown1Unknown1--23-_jpg.rf.a0af1625abd3c15dce63b66386b987df.jpg</path>
	<source>
		<database>roboflow.com</database>
	</source>
	<size>
		<width>416</width>
		<height>416</height>
		<depth>3</depth>
	</size>
	<segmented>0</segmented>
	<object>
		<name>Disc Protrusionrotation</name>
		<pose>Unspecified</pose>
		<truncated>0</truncated>
		<difficult>0</difficult>
		<occluded>0</occluded>
		<bndbox>
			<xmin>247</xmin>
			<xmax>275</xmax>
			<ymin>184</ymin>
			<ymax>195</ymax>
		</bndbox>
	</object>
	<object>
		<name>Disc Protrusionrotation</name>
		<pose>Unspecified</pose>
		<truncated>0</truncated>
		<difficult>0</difficult>
		<occluded>0</occluded>
		<bndbox>
			<xmin>237</xmin>
			<xmax>263</xmax>
			<ymin>164</ymin>
			<ymax>178</ymax>
		</bndbox>
	</object>
</annotation>
