<annotation>
	<folder></folder>
	<filename>Diffuse-Disc-Bulge-Unknown2--121-_jpg.rf.47a315c87e4252fd25dbc189250ac38d.jpg</filename>
	<path>Diffuse-Disc-Bulge-Unknown2--121-_jpg.rf.47a315c87e4252fd25dbc189250ac38d.jpg</path>
	<source>
		<database>roboflow.com</database>
	</source>
	<size>
		<width>416</width>
		<height>416</height>
		<depth>3</depth>
	</size>
	<segmented>0</segmented>
	<object>
		<name>Disc Bulgerotation</name>
		<pose>Unspecified</pose>
		<truncated>0</truncated>
		<difficult>0</difficult>
		<occluded>0</occluded>
		<bndbox>
			<xmin>152</xmin>
			<xmax>169</xmax>
			<ymin>137</ymin>
			<ymax>152</ymax>
		</bndbox>
	</object>
</annotation>
