<annotation>
	<folder></folder>
	<filename>Diffuse-Disc-Bulge-Unknown2--38-_jpg.rf.a6c318b427ef6e229979f9c7af0e82da.jpg</filename>
	<path>Diffuse-Disc-Bulge-Unknown2--38-_jpg.rf.a6c318b427ef6e229979f9c7af0e82da.jpg</path>
	<source>
		<database>roboflow.com</database>
	</source>
	<size>
		<width>416</width>
		<height>416</height>
		<depth>3</depth>
	</size>
	<segmented>0</segmented>
	<object>
		<name>Disc Bulgerotation</name>
		<pose>Unspecified</pose>
		<truncated>0</truncated>
		<difficult>0</difficult>
		<occluded>0</occluded>
		<bndbox>
			<xmin>152</xmin>
			<xmax>171</xmax>
			<ymin>69</ymin>
			<ymax>79</ymax>
		</bndbox>
	</object>
	<object>
		<name>Disc Bulgerotation</name>
		<pose>Unspecified</pose>
		<truncated>0</truncated>
		<difficult>0</difficult>
		<occluded>0</occluded>
		<bndbox>
			<xmin>223</xmin>
			<xmax>242</xmax>
			<ymin>174</ymin>
			<ymax>184</ymax>
		</bndbox>
	</object>
	<object>
		<name>Disc Bulgerotation</name>
		<pose>Unspecified</pose>
		<truncated>0</truncated>
		<difficult>0</difficult>
		<occluded>0</occluded>
		<bndbox>
			<xmin>222</xmin>
			<xmax>247</xmax>
			<ymin>188</ymin>
			<ymax>198</ymax>
		</bndbox>
	</object>
	<object>
		<name>Disc Bulgerotation</name>
		<pose>Unspecified</pose>
		<truncated>0</truncated>
		<difficult>0</difficult>
		<occluded>0</occluded>
		<bndbox>
			<xmin>221</xmin>
			<xmax>247</xmax>
			<ymin>202</ymin>
			<ymax>212</ymax>
		</bndbox>
	</object>
</annotation>
