<annotation>
	<folder></folder>
	<filename>Diffuse-Disc-Bulge-Unknown2--28-_jpg.rf.242d82186b4807e292e1caca9acc0362.jpg</filename>
	<path>Diffuse-Disc-Bulge-Unknown2--28-_jpg.rf.242d82186b4807e292e1caca9acc0362.jpg</path>
	<source>
		<database>roboflow.com</database>
	</source>
	<size>
		<width>416</width>
		<height>416</height>
		<depth>3</depth>
	</size>
	<segmented>0</segmented>
	<object>
		<name>Disc Bulgerotation</name>
		<pose>Unspecified</pose>
		<truncated>0</truncated>
		<difficult>0</difficult>
		<occluded>0</occluded>
		<bndbox>
			<xmin>217</xmin>
			<xmax>248</xmax>
			<ymin>201</ymin>
			<ymax>211</ymax>
		</bndbox>
	</object>
	<object>
		<name>Disc Bulgerotation</name>
		<pose>Unspecified</pose>
		<truncated>0</truncated>
		<difficult>0</difficult>
		<occluded>0</occluded>
		<bndbox>
			<xmin>153</xmin>
			<xmax>171</xmax>
			<ymin>70</ymin>
			<ymax>80</ymax>
		</bndbox>
	</object>
	<object>
		<name>Disc Bulgerotation</name>
		<pose>Unspecified</pose>
		<truncated>0</truncated>
		<difficult>0</difficult>
		<occluded>0</occluded>
		<bndbox>
			<xmin>217</xmin>
			<xmax>248</xmax>
			<ymin>189</ymin>
			<ymax>198</ymax>
		</bndbox>
	</object>
	<object>
		<name>Disc Bulgerotation</name>
		<pose>Unspecified</pose>
		<truncated>0</truncated>
		<difficult>0</difficult>
		<occluded>0</occluded>
		<bndbox>
			<xmin>214</xmin>
			<xmax>243</xmax>
			<ymin>176</ymin>
			<ymax>185</ymax>
		</bndbox>
	</object>
</annotation>
