<annotation>
	<folder></folder>
	<filename>Diffuse-Disc-Bulge-Unknown2--146-_jpg.rf.aca2e245264302bc4dfb379a9daaebd5.jpg</filename>
	<path>Diffuse-Disc-Bulge-Unknown2--146-_jpg.rf.aca2e245264302bc4dfb379a9daaebd5.jpg</path>
	<source>
		<database>roboflow.com</database>
	</source>
	<size>
		<width>416</width>
		<height>416</height>
		<depth>3</depth>
	</size>
	<segmented>0</segmented>
	<object>
		<name>Disc Bulgerotation</name>
		<pose>Unspecified</pose>
		<truncated>0</truncated>
		<difficult>0</difficult>
		<occluded>0</occluded>
		<bndbox>
			<xmin>151</xmin>
			<xmax>170</xmax>
			<ymin>140</ymin>
			<ymax>154</ymax>
		</bndbox>
	</object>
</annotation>
