<annotation>
	<folder></folder>
	<filename>Diffuse-Disc-Bulge-Unknown2--37-_jpg.rf.ab756235f246ec877ae5bdeb40c323e6.jpg</filename>
	<path>Diffuse-Disc-Bulge-Unknown2--37-_jpg.rf.ab756235f246ec877ae5bdeb40c323e6.jpg</path>
	<source>
		<database>roboflow.com</database>
	</source>
	<size>
		<width>416</width>
		<height>416</height>
		<depth>3</depth>
	</size>
	<segmented>0</segmented>
	<object>
		<name>Disc Bulgerotation</name>
		<pose>Unspecified</pose>
		<truncated>0</truncated>
		<difficult>0</difficult>
		<occluded>0</occluded>
		<bndbox>
			<xmin>224</xmin>
			<xmax>255</xmax>
			<ymin>202</ymin>
			<ymax>212</ymax>
		</bndbox>
	</object>
	<object>
		<name>Disc Bulgerotation</name>
		<pose>Unspecified</pose>
		<truncated>0</truncated>
		<difficult>0</difficult>
		<occluded>0</occluded>
		<bndbox>
			<xmin>226</xmin>
			<xmax>256</xmax>
			<ymin>187</ymin>
			<ymax>197</ymax>
		</bndbox>
	</object>
	<object>
		<name>Disc Bulgerotation</name>
		<pose>Unspecified</pose>
		<truncated>0</truncated>
		<difficult>0</difficult>
		<occluded>0</occluded>
		<bndbox>
			<xmin>155</xmin>
			<xmax>168</xmax>
			<ymin>67</ymin>
			<ymax>77</ymax>
		</bndbox>
	</object>
	<object>
		<name>Disc Bulgerotation</name>
		<pose>Unspecified</pose>
		<truncated>0</truncated>
		<difficult>0</difficult>
		<occluded>0</occluded>
		<bndbox>
			<xmin>219</xmin>
			<xmax>249</xmax>
			<ymin>216</ymin>
			<ymax>226</ymax>
		</bndbox>
	</object>
</annotation>
