<annotation>
	<folder></folder>
	<filename>Diffuse-Disc-Bulge-Unknown2--119-_jpg.rf.21e9902b4b4d30ccb866c8c0462bba26.jpg</filename>
	<path>Diffuse-Disc-Bulge-Unknown2--119-_jpg.rf.21e9902b4b4d30ccb866c8c0462bba26.jpg</path>
	<source>
		<database>roboflow.com</database>
	</source>
	<size>
		<width>416</width>
		<height>416</height>
		<depth>3</depth>
	</size>
	<segmented>0</segmented>
	<object>
		<name>Disc Bulgerotation</name>
		<pose>Unspecified</pose>
		<truncated>0</truncated>
		<difficult>0</difficult>
		<occluded>0</occluded>
		<bndbox>
			<xmin>152</xmin>
			<xmax>169</xmax>
			<ymin>141</ymin>
			<ymax>155</ymax>
		</bndbox>
	</object>
</annotation>
