<annotation>
	<folder></folder>
	<filename>Diffuse-Disc-Bulge-Unknown2--136-_jpg.rf.f8b2b7f7c96e2f243e0abf3fe402c3c5.jpg</filename>
	<path>Diffuse-Disc-Bulge-Unknown2--136-_jpg.rf.f8b2b7f7c96e2f243e0abf3fe402c3c5.jpg</path>
	<source>
		<database>roboflow.com</database>
	</source>
	<size>
		<width>416</width>
		<height>416</height>
		<depth>3</depth>
	</size>
	<segmented>0</segmented>
	<object>
		<name>Disc Bulgerotation</name>
		<pose>Unspecified</pose>
		<truncated>0</truncated>
		<difficult>0</difficult>
		<occluded>0</occluded>
		<bndbox>
			<xmin>220</xmin>
			<xmax>251</xmax>
			<ymin>203</ymin>
			<ymax>214</ymax>
		</bndbox>
	</object>
	<object>
		<name>Disc Bulgerotation</name>
		<pose>Unspecified</pose>
		<truncated>0</truncated>
		<difficult>0</difficult>
		<occluded>0</occluded>
		<bndbox>
			<xmin>219</xmin>
			<xmax>246</xmax>
			<ymin>175</ymin>
			<ymax>186</ymax>
		</bndbox>
	</object>
	<object>
		<name>Disc Bulgerotation</name>
		<pose>Unspecified</pose>
		<truncated>0</truncated>
		<difficult>0</difficult>
		<occluded>0</occluded>
		<bndbox>
			<xmin>157</xmin>
			<xmax>174</xmax>
			<ymin>77</ymin>
			<ymax>88</ymax>
		</bndbox>
	</object>
	<object>
		<name>Disc Bulgerotation</name>
		<pose>Unspecified</pose>
		<truncated>0</truncated>
		<difficult>0</difficult>
		<occluded>0</occluded>
		<bndbox>
			<xmin>220</xmin>
			<xmax>249</xmax>
			<ymin>190</ymin>
			<ymax>200</ymax>
		</bndbox>
	</object>
</annotation>
