<annotation>
	<folder></folder>
	<filename>Diffuse-Disc-Bulge-Unknown2--89-_jpg.rf.8a82baef3ce9609d49caab9cb7085259.jpg</filename>
	<path>Diffuse-Disc-Bulge-Unknown2--89-_jpg.rf.8a82baef3ce9609d49caab9cb7085259.jpg</path>
	<source>
		<database>roboflow.com</database>
	</source>
	<size>
		<width>416</width>
		<height>416</height>
		<depth>3</depth>
	</size>
	<segmented>0</segmented>
	<object>
		<name>Disc Bulgerotation</name>
		<pose>Unspecified</pose>
		<truncated>0</truncated>
		<difficult>0</difficult>
		<occluded>0</occluded>
		<bndbox>
			<xmin>160</xmin>
			<xmax>172</xmax>
			<ymin>152</ymin>
			<ymax>163</ymax>
		</bndbox>
	</object>
</annotation>
