<annotation>
	<folder></folder>
	<filename>Diffuse-Disc-Bulge-Unknown2--45-_jpg.rf.a9a3d7a2295f122cd7c75759b0bd99d6.jpg</filename>
	<path>Diffuse-Disc-Bulge-Unknown2--45-_jpg.rf.a9a3d7a2295f122cd7c75759b0bd99d6.jpg</path>
	<source>
		<database>roboflow.com</database>
	</source>
	<size>
		<width>416</width>
		<height>416</height>
		<depth>3</depth>
	</size>
	<segmented>0</segmented>
	<object>
		<name>Disc Bulgerotation</name>
		<pose>Unspecified</pose>
		<truncated>0</truncated>
		<difficult>0</difficult>
		<occluded>0</occluded>
		<bndbox>
			<xmin>152</xmin>
			<xmax>170</xmax>
			<ymin>139</ymin>
			<ymax>152</ymax>
		</bndbox>
	</object>
</annotation>
