<annotation>
	<folder></folder>
	<filename>Diffuse-Disc-Bulge-Unknown2--67-_jpg.rf.625bce396a602ad40b0765b89c0d01ee.jpg</filename>
	<path>Diffuse-Disc-Bulge-Unknown2--67-_jpg.rf.625bce396a602ad40b0765b89c0d01ee.jpg</path>
	<source>
		<database>roboflow.com</database>
	</source>
	<size>
		<width>416</width>
		<height>416</height>
		<depth>3</depth>
	</size>
	<segmented>0</segmented>
	<object>
		<name>Disc Bulgerotation</name>
		<pose>Unspecified</pose>
		<truncated>0</truncated>
		<difficult>0</difficult>
		<occluded>0</occluded>
		<bndbox>
			<xmin>151</xmin>
			<xmax>169</xmax>
			<ymin>138</ymin>
			<ymax>151</ymax>
		</bndbox>
	</object>
</annotation>
