<annotation>
	<folder></folder>
	<filename>Diffuse-Disc-Bulge-Unknown2--47-_jpg.rf.b2e6a5f76647a6c0eecef4447ae84303.jpg</filename>
	<path>Diffuse-Disc-Bulge-Unknown2--47-_jpg.rf.b2e6a5f76647a6c0eecef4447ae84303.jpg</path>
	<source>
		<database>roboflow.com</database>
	</source>
	<size>
		<width>416</width>
		<height>416</height>
		<depth>3</depth>
	</size>
	<segmented>0</segmented>
	<object>
		<name>Disc Bulgerotation</name>
		<pose>Unspecified</pose>
		<truncated>0</truncated>
		<difficult>0</difficult>
		<occluded>0</occluded>
		<bndbox>
			<xmin>153</xmin>
			<xmax>168</xmax>
			<ymin>135</ymin>
			<ymax>150</ymax>
		</bndbox>
	</object>
</annotation>
