<annotation>
	<folder></folder>
	<filename>Diffuse-Disc-Bulge-Unknown2--56-_jpg.rf.7e8d7b47cc9d3d9718769474aab7cefa.jpg</filename>
	<path>Diffuse-Disc-Bulge-Unknown2--56-_jpg.rf.7e8d7b47cc9d3d9718769474aab7cefa.jpg</path>
	<source>
		<database>roboflow.com</database>
	</source>
	<size>
		<width>416</width>
		<height>416</height>
		<depth>3</depth>
	</size>
	<segmented>0</segmented>
	<object>
		<name>Disc Bulgerotation</name>
		<pose>Unspecified</pose>
		<truncated>0</truncated>
		<difficult>0</difficult>
		<occluded>0</occluded>
		<bndbox>
			<xmin>153</xmin>
			<xmax>171</xmax>
			<ymin>139</ymin>
			<ymax>153</ymax>
		</bndbox>
	</object>
</annotation>
