<annotation>
	<folder></folder>
	<filename>Diffuse-Disc-Bulge-Unknown2--153-_jpg.rf.1047e2e4b98c5a773702b79cb5024359.jpg</filename>
	<path>Diffuse-Disc-Bulge-Unknown2--153-_jpg.rf.1047e2e4b98c5a773702b79cb5024359.jpg</path>
	<source>
		<database>roboflow.com</database>
	</source>
	<size>
		<width>416</width>
		<height>416</height>
		<depth>3</depth>
	</size>
	<segmented>0</segmented>
	<object>
		<name>Disc Bulgerotation</name>
		<pose>Unspecified</pose>
		<truncated>0</truncated>
		<difficult>0</difficult>
		<occluded>0</occluded>
		<bndbox>
			<xmin>216</xmin>
			<xmax>252</xmax>
			<ymin>231</ymin>
			<ymax>242</ymax>
		</bndbox>
	</object>
	<object>
		<name>Disc Bulgerotation</name>
		<pose>Unspecified</pose>
		<truncated>0</truncated>
		<difficult>0</difficult>
		<occluded>0</occluded>
		<bndbox>
			<xmin>227</xmin>
			<xmax>261</xmax>
			<ymin>209</ymin>
			<ymax>221</ymax>
		</bndbox>
	</object>
	<object>
		<name>Disc Bulgerotation</name>
		<pose>Unspecified</pose>
		<truncated>0</truncated>
		<difficult>0</difficult>
		<occluded>0</occluded>
		<bndbox>
			<xmin>231</xmin>
			<xmax>259</xmax>
			<ymin>186</ymin>
			<ymax>197</ymax>
		</bndbox>
	</object>
</annotation>
