<annotation>
	<folder></folder>
	<filename>Diffuse-Disc-Bulge-Unknown2--158-_jpg.rf.d6fa5c9a3045d0af06eaa9f733d8a744.jpg</filename>
	<path>Diffuse-Disc-Bulge-Unknown2--158-_jpg.rf.d6fa5c9a3045d0af06eaa9f733d8a744.jpg</path>
	<source>
		<database>roboflow.com</database>
	</source>
	<size>
		<width>416</width>
		<height>416</height>
		<depth>3</depth>
	</size>
	<segmented>0</segmented>
	<object>
		<name>Disc Bulgerotation</name>
		<pose>Unspecified</pose>
		<truncated>0</truncated>
		<difficult>0</difficult>
		<occluded>0</occluded>
		<bndbox>
			<xmin>219</xmin>
			<xmax>248</xmax>
			<ymin>203</ymin>
			<ymax>212</ymax>
		</bndbox>
	</object>
	<object>
		<name>Disc Bulgerotation</name>
		<pose>Unspecified</pose>
		<truncated>0</truncated>
		<difficult>0</difficult>
		<occluded>0</occluded>
		<bndbox>
			<xmin>155</xmin>
			<xmax>171</xmax>
			<ymin>69</ymin>
			<ymax>78</ymax>
		</bndbox>
	</object>
	<object>
		<name>Disc Bulgerotation</name>
		<pose>Unspecified</pose>
		<truncated>0</truncated>
		<difficult>0</difficult>
		<occluded>0</occluded>
		<bndbox>
			<xmin>222</xmin>
			<xmax>250</xmax>
			<ymin>191</ymin>
			<ymax>200</ymax>
		</bndbox>
	</object>
	<object>
		<name>Disc Bulgerotation</name>
		<pose>Unspecified</pose>
		<truncated>0</truncated>
		<difficult>0</difficult>
		<occluded>0</occluded>
		<bndbox>
			<xmin>217</xmin>
			<xmax>245</xmax>
			<ymin>177</ymin>
			<ymax>186</ymax>
		</bndbox>
	</object>
</annotation>
