<annotation>
	<folder></folder>
	<filename>Diffuse-Disc-Bulge-Unknown2--124-_jpg.rf.37facf0bb26cfed0daa3b913ee6c9723.jpg</filename>
	<path>Diffuse-Disc-Bulge-Unknown2--124-_jpg.rf.37facf0bb26cfed0daa3b913ee6c9723.jpg</path>
	<source>
		<database>roboflow.com</database>
	</source>
	<size>
		<width>416</width>
		<height>416</height>
		<depth>3</depth>
	</size>
	<segmented>0</segmented>
	<object>
		<name>Disc Bulgerotation</name>
		<pose>Unspecified</pose>
		<truncated>0</truncated>
		<difficult>0</difficult>
		<occluded>0</occluded>
		<bndbox>
			<xmin>156</xmin>
			<xmax>171</xmax>
			<ymin>152</ymin>
			<ymax>167</ymax>
		</bndbox>
	</object>
</annotation>
