<annotation>
	<folder></folder>
	<filename>DiscProtrusion-Unknown5Unknown5--13-_jpg.rf.49d1980e76d7c5ed1ed66c6fa8973b7b.jpg</filename>
	<path>DiscProtrusion-Unknown5Unknown5--13-_jpg.rf.49d1980e76d7c5ed1ed66c6fa8973b7b.jpg</path>
	<source>
		<database>roboflow.com</database>
	</source>
	<size>
		<width>416</width>
		<height>416</height>
		<depth>3</depth>
	</size>
	<segmented>0</segmented>
	<object>
		<name>Demyelinating Plaquesrotation</name>
		<pose>Unspecified</pose>
		<truncated>0</truncated>
		<difficult>0</difficult>
		<occluded>0</occluded>
		<bndbox>
			<xmin>197</xmin>
			<xmax>219</xmax>
			<ymin>209</ymin>
			<ymax>221</ymax>
		</bndbox>
	</object>
	<object>
		<name>Demyelinating Plaquesrotation</name>
		<pose>Unspecified</pose>
		<truncated>0</truncated>
		<difficult>0</difficult>
		<occluded>0</occluded>
		<bndbox>
			<xmin>197</xmin>
			<xmax>217</xmax>
			<ymin>136</ymin>
			<ymax>146</ymax>
		</bndbox>
	</object>
	<object>
		<name>Hemangiomatarotation</name>
		<pose>Unspecified</pose>
		<truncated>0</truncated>
		<difficult>0</difficult>
		<occluded>0</occluded>
		<bndbox>
			<xmin>188</xmin>
			<xmax>211</xmax>
			<ymin>252</ymin>
			<ymax>271</ymax>
		</bndbox>
	</object>
	<object>
		<name>Hemangiomatarotation</name>
		<pose>Unspecified</pose>
		<truncated>0</truncated>
		<difficult>0</difficult>
		<occluded>0</occluded>
		<bndbox>
			<xmin>194</xmin>
			<xmax>215</xmax>
			<ymin>125</ymin>
			<ymax>139</ymax>
		</bndbox>
	</object>
</annotation>
