<annotation>
	<folder></folder>
	<filename>DiscProtrusion-Unknown5Unknown5--11-_jpg.rf.aa0ae0b9c087af4c2cd031229e62566f.jpg</filename>
	<path>DiscProtrusion-Unknown5Unknown5--11-_jpg.rf.aa0ae0b9c087af4c2cd031229e62566f.jpg</path>
	<source>
		<database>roboflow.com</database>
	</source>
	<size>
		<width>416</width>
		<height>416</height>
		<depth>3</depth>
	</size>
	<segmented>0</segmented>
	<object>
		<name>Hemangiomatarotation</name>
		<pose>Unspecified</pose>
		<truncated>0</truncated>
		<difficult>0</difficult>
		<occluded>0</occluded>
		<bndbox>
			<xmin>194</xmin>
			<xmax>214</xmax>
			<ymin>125</ymin>
			<ymax>139</ymax>
		</bndbox>
	</object>
	<object>
		<name>Demyelinating Plaquesrotation</name>
		<pose>Unspecified</pose>
		<truncated>0</truncated>
		<difficult>0</difficult>
		<occluded>0</occluded>
		<bndbox>
			<xmin>197</xmin>
			<xmax>217</xmax>
			<ymin>136</ymin>
			<ymax>146</ymax>
		</bndbox>
	</object>
	<object>
		<name>Demyelinating Plaquesrotation</name>
		<pose>Unspecified</pose>
		<truncated>0</truncated>
		<difficult>0</difficult>
		<occluded>0</occluded>
		<bndbox>
			<xmin>199</xmin>
			<xmax>222</xmax>
			<ymin>209</ymin>
			<ymax>221</ymax>
		</bndbox>
	</object>
	<object>
		<name>Hemangiomatarotation</name>
		<pose>Unspecified</pose>
		<truncated>0</truncated>
		<difficult>0</difficult>
		<occluded>0</occluded>
		<bndbox>
			<xmin>188</xmin>
			<xmax>216</xmax>
			<ymin>253</ymin>
			<ymax>272</ymax>
		</bndbox>
	</object>
</annotation>
