<annotation>
	<folder></folder>
	<filename>DiscProtrusion-Unknown5Unknown5--16-_jpg.rf.3c663ccc28f55e8ccb2c249ed87af9e8.jpg</filename>
	<path>DiscProtrusion-Unknown5Unknown5--16-_jpg.rf.3c663ccc28f55e8ccb2c249ed87af9e8.jpg</path>
	<source>
		<database>roboflow.com</database>
	</source>
	<size>
		<width>416</width>
		<height>416</height>
		<depth>3</depth>
	</size>
	<segmented>0</segmented>
	<object>
		<name>Hemangiomatarotation</name>
		<pose>Unspecified</pose>
		<truncated>0</truncated>
		<difficult>0</difficult>
		<occluded>0</occluded>
		<bndbox>
			<xmin>188</xmin>
			<xmax>213</xmax>
			<ymin>253</ymin>
			<ymax>272</ymax>
		</bndbox>
	</object>
	<object>
		<name>Demyelinating Plaquesrotation</name>
		<pose>Unspecified</pose>
		<truncated>0</truncated>
		<difficult>0</difficult>
		<occluded>0</occluded>
		<bndbox>
			<xmin>198</xmin>
			<xmax>220</xmax>
			<ymin>209</ymin>
			<ymax>221</ymax>
		</bndbox>
	</object>
	<object>
		<name>Demyelinating Plaquesrotation</name>
		<pose>Unspecified</pose>
		<truncated>0</truncated>
		<difficult>0</difficult>
		<occluded>0</occluded>
		<bndbox>
			<xmin>197</xmin>
			<xmax>218</xmax>
			<ymin>136</ymin>
			<ymax>146</ymax>
		</bndbox>
	</object>
	<object>
		<name>Hemangiomatarotation</name>
		<pose>Unspecified</pose>
		<truncated>0</truncated>
		<difficult>0</difficult>
		<occluded>0</occluded>
		<bndbox>
			<xmin>194</xmin>
			<xmax>216</xmax>
			<ymin>125</ymin>
			<ymax>138</ymax>
		</bndbox>
	</object>
</annotation>
